LAJI,VAKAV_A,VV,lon,lat
JK,1,2022,25.029960,60.194891
JK,2,2022,25.050296,60.183635
JK,2,2022,25.123393,60.228492
JK,2,2022,24.978499,60.190503
JK,2,2022,24.919349,60.187128
JK,2,2022,25.078120,60.210317
JK,1,2022,25.087204,60.214318
JK,2,2022,24.955823,60.179211
JK,2,2022,25.090205,60.210774
JK,2,2022,25.012228,60.253659
JK,1,2022,25.002044,60.246241
JK,1,2022,24.943779,60.196201
JK,2,2022,25.032783,60.243380
JK,1,2022,24.951910,60.169806
JK,1,2022,25.022162,60.230878
JK,2,2022,25.075250,60.242609
JK,2,2022,24.934012,60.168997
JK,1,2022,24.927580,60.161587
JK,2,2022,24.898019,60.245613
JK,2,2022,24.929913,60.192573
JK,2,2022,25.075611,60.210016
JK,2,2022,24.914340,60.187000
JK,1,2022,24.967202,60.203060
JK,2,2022,24.915707,60.161532
JK,3,2022,24.927866,60.237168
JK,2,2022,24.960854,60.189574
JK,2,2022,24.944733,60.171808
JK,2,2022,24.983282,60.186490
JK,2,2022,24.889581,60.165752
JK,2,2022,24.928811,60.238022
JK,2,2022,24.881664,60.202422
JK,2,2022,25.081052,60.211783
JK,2,2022,24.933929,60.241972
JK,2,2022,25.007861,60.252829
JK,2,2022,24.950174,60.158638
JK,2,2022,24.947975,60.165607
JK,2,2022,25.042491,60.265723
JK,2,2022,24.959208,60.191305
JK,2,2022,25.020897,60.240624
JK,2,2022,25.009736,60.263880
JK,3,2022,25.083004,60.246518
JK,2,2022,25.035637,60.195250
JK,2,2022,24.939799,60.171982
JK,2,2022,25.052098,60.179724
JK,2,2022,24.964523,60.191961
JK,3,2022,24.937585,60.224312
JK,2,2022,24.885415,60.238301
JK,2,2022,24.934574,60.165058
JK,2,2022,24.944831,60.167741
JK,2,2022,24.873761,60.203921
JK,2,2022,24.960264,60.187563
JK,1,2022,24.929323,60.162306
JK,2,2022,24.904138,60.194508
JK,2,2022,24.950743,60.170708
JK,3,2022,24.898422,60.215994
JK,2,2022,24.905218,60.192969
JK,2,2022,24.964641,60.191946
JK,2,2022,24.946086,60.164141
MA,2,2022,25.050817,60.242475
MA,1,2022,24.975979,60.187297
MA,2,2022,24.854773,60.232463
MA,1,2022,24.942988,60.213591
MA,1,2022,25.084161,60.235733
MA,1,2022,25.205735,60.265396
MA,1,2022,24.899560,60.235741
MA,1,2022,24.884405,60.197849
MA,1,2022,24.912682,60.208873
MA,1,2022,25.048468,60.241426
MA,1,2022,25.078690,60.225080
MA,1,2022,24.943902,60.192832
MA,2,2022,25.079947,60.223197
MA,1,2022,25.040807,60.262498
MA,1,2022,25.132526,60.232646
MA,1,2022,24.851298,60.240149
MA,1,2022,24.990522,60.242117
MA,1,2022,24.899847,60.235056
MA,1,2022,24.996806,60.242024
MA,1,2022,24.905136,60.229777
MA,1,2022,24.881249,60.219175
MA,1,2022,24.952675,60.189652
MA,1,2022,24.944675,60.201183
MA,1,2022,24.946290,60.229969
MA,1,2022,24.936910,60.192039
MA,1,2022,24.941206,60.158037
MA,1,2022,25.012183,60.263456
MA,1,2022,25.015241,60.234008
MA,1,2022,24.917449,60.186645
MA,1,2022,25.027391,60.227644
MA,1,2022,24.981876,60.251292
MA,1,2022,25.209646,60.266464
MA,1,2022,24.904105,60.208189
MA,1,2022,25.111046,60.233114
MA,2,2022,25.062976,60.207795
MA,1,2022,24.885404,60.196380
MA,1,2022,24.873005,60.227332
MA,1,2022,25.061983,60.250664
MA,1,2022,24.857334,60.224460
MA,1,2022,24.949115,60.244297
MA,1,2022,24.958548,60.179866
MA,1,2022,25.144279,60.189464
MA,1,2022,24.927813,60.182025
MA,1,2022,25.029568,60.242604
MA,1,2022,24.949222,60.196693
MA,1,2022,24.975677,60.237334
MA,1,2022,24.939253,60.170673
MA,1,2022,25.061811,60.250552
MA,1,2022,24.936521,60.170957
MA,1,2022,25.065776,60.250959
MA,1,2022,25.093313,60.208922
MA,1,2022,24.901015,60.191346
MA,1,2022,24.874235,60.158326
MA,1,2022,25.142544,60.203109
MA,1,2022,25.090914,60.210067
MA,1,2022,25.102801,60.208002
MA,1,2022,25.086162,60.212997
MA,1,2022,24.946761,60.186400
MA,2,2022,25.209223,60.259805
MA,1,2022,25.059948,60.250082
MA,1,2022,24.957692,60.168420
MA,1,2022,24.966715,60.205440
MA,1,2022,25.135291,60.235708
MA,1,2022,24.947881,60.165573
MA,1,2022,24.967724,60.244300
MA,1,2022,24.983392,60.241691
MA,1,2022,24.962549,60.244568
MA,1,2022,25.015016,60.243583
MA,1,2022,24.878046,60.205587
MA,2,2022,25.079972,60.223284
MA,1,2022,24.961609,60.174371
MA,1,2022,24.938433,60.240215
MA,2,2022,24.931477,60.154408
MA,2,2022,24.921872,60.185366
MA,1,2022,25.080592,60.214061
MA,1,2022,25.167362,60.218687
MA,1,2022,24.873704,60.240001
MA,1,2022,24.894387,60.240902
MA,1,2022,24.944132,60.167710
MA,1,2022,25.041054,60.281608
MA,2,2022,24.837975,60.229728
MA,2,2022,25.067340,60.228620
MA,1,2022,25.067478,60.208056
MA,1,2022,24.919463,60.173452
MA,2,2022,24.889236,60.246855
MA,1,2022,24.895141,60.228190
MA,1,2022,24.933225,60.164538
MA,1,2022,25.107378,60.237726
MA,1,2022,24.890200,60.234618
MA,1,2022,25.072702,60.227815
MA,1,2022,24.957174,60.194548
MA,1,2022,24.942577,60.165070
MA,1,2022,25.020670,60.241604
MA,1,2022,24.936573,60.231867
MA,1,2022,24.936425,60.171271
MA,1,2022,25.107279,60.237625
MA,1,2022,25.086111,60.214090
MA,1,2022,24.902616,60.232480
MA,2,2022,24.977586,60.226354
MA,1,2022,24.949366,60.168976
MA,1,2022,24.942271,60.185522
MA,1,2022,24.945511,60.199728
MA,1,2022,25.082149,60.236025
MA,1,2022,24.964504,60.183703
MA,1,2022,25.046559,60.205837
MA,1,2022,24.960364,60.181329
MA,2,2022,24.903194,60.236572
MA,2,2022,24.975524,60.208875
MA,1,2022,24.961988,60.198174
MA,1,2022,24.929593,60.182400
MA,1,2022,24.966511,60.189260
MA,2,2022,24.914838,60.206975
MA,1,2022,24.965259,60.184101
MA,2,2022,24.952231,60.192301
MA,1,2022,24.957184,60.194564
MA,2,2022,24.968336,60.207874
MA,1,2022,25.051412,60.242730
MA,1,2022,25.085589,60.242136
MA,1,2022,24.934611,60.172614
MA,1,2022,25.043530,60.237284
MA,1,2022,24.962039,60.197031
MA,1,2022,25.052113,60.230749
MA,1,2022,24.934009,60.231524
MA,1,2022,24.883833,60.207448
MA,1,2022,24.859815,60.172484
MA,1,2022,24.965270,60.203028
MA,1,2022,25.146764,60.261509
MA,2,2022,25.086201,60.214089
MA,1,2022,24.945339,60.169876
MA,1,2022,24.960801,60.184359
MA,1,2022,24.846356,60.243367
MA,1,2022,25.086928,60.213006
MA,1,2022,24.893984,60.241316
MA,1,2022,24.945943,60.208845
MA,1,2022,25.069394,60.257580
MA,2,2022,24.956484,60.244753
MA,1,2022,25.001791,60.255219
MA,2,2022,25.014571,60.252828
MA,2,2022,24.976917,60.238556
MA,1,2022,25.082938,60.235228
MA,2,2022,24.934478,60.163454
MA,1,2022,24.972810,60.217689
MA,1,2022,25.080461,60.223403
MA,1,2022,25.015804,60.284792
MA,1,2022,24.963455,60.209932
MA,1,2022,24.965897,60.203705
MA,2,2022,25.006946,60.248608
MA,2,2022,24.945312,60.208725
MA,1,2022,24.961056,60.192482
MA,2,2022,24.996730,60.241634
MA,2,2022,24.961803,60.174098
MA,1,2022,24.900525,60.211218
MA,1,2022,24.853792,60.163975
MA,1,2022,25.058850,60.210499
MA,1,2022,24.936748,60.166998
MA,1,2022,24.963321,60.221019
MA,1,2022,25.015703,60.230465
MA,2,2022,24.943517,60.185020
MA,1,2022,24.900426,60.211169
MA,1,2022,24.888766,60.247017
MA,1,2022,24.951767,60.192206
MA,1,2022,25.020467,60.283975
MA,1,2022,25.031074,60.241186
MA,1,2022,24.898805,60.236250
MA,2,2022,24.962116,60.197498
MA,1,2022,25.058123,60.246020
MA,1,2022,24.885991,60.234443
MA,1,2022,24.968495,60.208767
MA,1,2022,24.891600,60.245090
MA,1,2022,24.998791,60.248471
MA,1,2022,24.938822,60.160421
MA,1,2022,25.081790,60.225775
MA,1,2022,24.913114,60.164533
MA,1,2022,24.939487,60.207237
MA,1,2022,25.135997,60.209642
MA,1,2022,24.960277,60.171189
MA,1,2022,24.869820,60.162602
MA,1,2022,24.928110,60.165793
MA,2,2022,24.906441,60.193589
MA,2,2022,25.053539,60.209709
MA,2,2022,25.152894,60.262439
MA,2,2022,24.944060,60.208617
MA,2,2022,24.895649,60.239541
MA,1,2022,24.920585,60.170257
MA,1,2022,25.032126,60.195075
MA,1,2022,24.969120,60.203457
MA,1,2022,24.942185,60.244479
MA,1,2022,24.919724,60.189056
MA,1,2022,24.851378,60.240079
MA,1,2022,25.032652,60.282357
MA,1,2022,24.893271,60.246929
MA,1,2022,25.042061,60.265940
MA,1,2022,24.881909,60.202634
MA,2,2022,24.958996,60.213370
MA,2,2022,24.884351,60.246353
MA,2,2022,24.949447,60.167840
MA,1,2022,24.899370,60.202233
MA,1,2022,25.034502,60.194117
MA,1,2022,25.039726,60.236630
MA,2,2022,24.895299,60.208433
MA,2,2022,25.048028,60.206427
MA,1,2022,24.957513,60.194390
MA,1,2022,25.085026,60.236023
MA,1,2022,24.929965,60.241472
MA,1,2022,25.012482,60.232827
MA,1,2022,24.934454,60.193131
MA,1,2022,24.891901,60.166141
MA,1,2022,25.034491,60.191835
MA,1,2022,25.084550,60.216069
MA,1,2022,24.904577,60.236293
MA,2,2022,25.040985,60.174771
MA,1,2022,25.068834,60.228433
MA,1,2022,24.929788,60.170165
MA,1,2022,24.903025,60.212695
MA,1,2022,25.021992,60.192495
MA,1,2022,24.930915,60.167508
MA,1,2022,24.879712,60.206544
MA,1,2022,24.866786,60.186748
MA,2,2022,24.940385,60.207544
MA,1,2022,24.961181,60.244445
MA,1,2022,24.957187,60.194554
MA,1,2022,24.959973,60.187383
MA,1,2022,24.865715,60.234626
MA,1,2022,25.093504,60.211498
MA,1,2022,24.910267,60.221152
MA,2,2022,24.950101,60.175966
MA,2,2022,24.990892,60.221347
MA,1,2022,25.134982,60.222710
MA,1,2022,24.961401,60.181989
MA,1,2022,24.917490,60.239238
MA,1,2022,25.086427,60.224721
MA,2,2022,25.048771,60.233931
MA,1,2022,25.036690,60.198480
MA,1,2022,25.040189,60.201498
MA,1,2022,24.943035,60.246971
MA,2,2022,24.977144,60.242278
MA,1,2022,24.903212,60.231538
MA,1,2022,24.959002,60.256998
MA,1,2022,24.929151,60.178141
MA,1,2022,24.961750,60.196894
MA,1,2022,25.104736,60.208331
MA,1,2022,24.889823,60.209020
MA,1,2022,24.937182,60.169356
MA,1,2022,24.934891,60.168259
MA,1,2022,25.076393,60.228665
MA,1,2022,25.065465,60.207963
MA,1,2022,24.917426,60.188914
MA,1,2022,25.025370,60.192648
MA,1,2022,24.896662,60.166573
MA,2,2022,24.871131,60.241230
MA,1,2022,24.881053,60.203654
MA,1,2022,25.041904,60.281476
MA,1,2022,25.074973,60.228021
MA,2,2022,24.958434,60.183323
MA,1,2022,24.897149,60.253687
MA,1,2022,25.055144,60.230591
MA,1,2022,24.917389,60.182669
MA,1,2022,25.133793,60.231353
MA,2,2022,25.052570,60.243268
MA,2,2022,24.937847,60.166170
MA,1,2022,24.862097,60.185373
MA,1,2022,24.949415,60.253559
MA,2,2022,24.908964,60.237884
MA,1,2022,24.889648,60.237378
MA,1,2022,25.073205,60.252629
MA,1,2022,24.873319,60.195790
MA,1,2022,24.914540,60.186977
MA,1,2022,24.940238,60.242204
MA,1,2022,24.947431,60.240409
MA,2,2022,25.002322,60.239355
MA,1,2022,25.055999,60.162285
MA,1,2022,25.080668,60.253459
MA,1,2022,24.931344,60.154390
MA,1,2022,24.920678,60.164801
MA,1,2022,24.937476,60.170743
MA,1,2022,25.055891,60.178115
MA,1,2022,24.915819,60.208851
MA,1,2022,24.988988,60.259974
MA,2,2022,25.069668,60.263052
MA,1,2022,25.174237,60.223989
MA,1,2022,24.933177,60.162905
MA,1,2022,24.886100,60.234413
MA,1,2022,24.910564,60.191216
MA,2,2022,24.916703,60.185166
MA,2,2022,24.935162,60.198156
MA,1,2022,24.943543,60.170366
MA,1,2022,25.079112,60.210978
MA,2,2022,24.983851,60.264477
MA,1,2022,25.075423,60.223045
MA,1,2022,24.928248,60.197286
MA,1,2022,25.059215,60.249378
MA,1,2022,24.934071,60.230661
MA,2,2022,24.875394,60.215219
MA,1,2022,25.057248,60.229751
MA,1,2022,24.900478,60.205752
MA,1,2022,25.109710,60.221050
MA,1,2022,24.992950,60.242159
MA,1,2022,24.951302,60.196756
MA,1,2022,24.900901,60.198930
MA,2,2022,24.833865,60.250317
MA,1,2022,25.117014,60.201208
MA,2,2022,25.089880,60.209892
MA,1,2022,25.149035,60.209857
MA,1,2022,24.946260,60.194701
MA,1,2022,24.900104,60.218905
MA,1,2022,25.041688,60.202745
MA,1,2022,24.947734,60.194131
MA,1,2022,25.087894,60.212168
MA,2,2022,24.862515,60.233321
MA,1,2022,24.896570,60.238539
MA,2,2022,24.876375,60.153972
MA,1,2022,25.053320,60.243515
MA,1,2022,25.015656,60.189379
MA,1,2022,25.032144,60.255872
MA,1,2022,25.068793,60.208362
MA,1,2022,25.021828,60.191914
MA,1,2022,24.853633,60.238710
MA,1,2022,25.076264,60.238648
MA,1,2022,24.953809,60.254651
MA,1,2022,24.839777,60.229937
MA,1,2022,24.847593,60.238669
MA,1,2022,25.069903,60.208429
MA,1,2022,24.934659,60.241920
MA,1,2022,25.054236,60.244000
MA,2,2022,24.922797,60.169115
MA,1,2022,25.051757,60.180678
MA,1,2022,24.916039,60.184992
MA,1,2022,25.008774,60.267019
MA,2,2022,25.045892,60.237017
MA,1,2022,25.047517,60.201957
MA,1,2022,24.860573,60.235748
MA,1,2022,24.921573,60.190180
MA,1,2022,24.996829,60.241203
MA,1,2022,24.855285,60.222801
MA,1,2022,25.018209,60.169297
MA,1,2022,24.890650,60.161337
MA,2,2022,25.035103,60.192141
MA,1,2022,24.900566,60.235610
MA,2,2022,24.921422,60.164779
MA,2,2022,24.928257,60.197565
MA,2,2022,24.997124,60.242125
MA,1,2022,24.932467,60.241775
MA,1,2022,24.936302,60.185214
MA,1,2022,24.952750,60.190056
MA,1,2022,24.957369,60.177029
MA,1,2022,24.969549,60.263200
MA,2,2022,25.049154,60.233391
MA,1,2022,24.927857,60.165732
MA,1,2022,24.938336,60.169785
MA,1,2022,25.087500,60.214454
MA,1,2022,25.078071,60.222282
MA,1,2022,24.958388,60.179763
MA,1,2022,24.942098,60.184091
MA,1,2022,24.943912,60.208549
MA,1,2022,25.075694,60.228243
MA,1,2022,25.107258,60.237633
MA,1,2022,25.124128,60.228758
MA,1,2022,25.111924,60.222211
MA,1,2022,24.953046,60.183718
MA,1,2022,24.873437,60.227505
MA,1,2022,24.912298,60.164608
MA,1,2022,24.922829,60.162171
MA,1,2022,25.077924,60.227942
MA,1,2022,24.957943,60.195022
MA,1,2022,24.960214,60.244495
MA,1,2022,25.148883,60.209858
MA,1,2022,24.891473,60.234548
MA,1,2022,24.963592,60.188725
MA,1,2022,25.055378,60.231177
MA,2,2022,25.061880,60.250313
MA,1,2022,25.022774,60.283559
MA,2,2022,24.921072,60.168079
MA,1,2022,25.086100,60.214111
MA,1,2022,24.953138,60.183303
MA,1,2022,24.889091,60.216333
MA,2,2022,24.891862,60.208828
MA,1,2022,25.033971,60.240415
MA,1,2022,24.851989,60.244478
MA,1,2022,25.089896,60.210835
MA,2,2022,25.078119,60.266378
MA,2,2022,25.165753,60.261881
MA,1,2022,24.982279,60.183990
MA,1,2022,24.920211,60.203976
MA,1,2022,24.943604,60.231861
MA,1,2022,25.086039,60.239615
MA,1,2022,24.928977,60.178378
MA,1,2022,25.032134,60.282201
MA,1,2022,24.983444,60.240659
MA,2,2022,24.917133,60.152649
MA,1,2022,24.946786,60.191796
MA,1,2022,24.931830,60.192720
MA,1,2022,24.958962,60.213036
MA,1,2022,25.081324,60.221885
MA,1,2022,24.965227,60.215097
MA,1,2022,24.977032,60.242147
MA,1,2022,25.239039,60.273452
MA,1,2022,24.916111,60.189809
MA,1,2022,25.122076,60.204768
MA,1,2022,24.948155,60.186653
MA,1,2022,25.033279,60.199006
MA,2,2022,25.075722,60.209249
MA,1,2022,24.927664,60.181785
MA,1,2022,24.897702,60.235995
MA,1,2022,25.075413,60.252602
MA,1,2022,24.966205,60.244343
MA,1,2022,25.059300,60.211423
MA,1,2022,25.003761,60.262225
MA,2,2022,25.064954,60.207895
MA,1,2022,24.982965,60.255517
MA,1,2022,24.919201,60.239501
MA,2,2022,24.967983,60.216152
MA,1,2022,24.907395,60.237238
MA,2,2022,24.854259,60.238229
MA,1,2022,25.142736,60.203170
MA,1,2022,24.944103,60.243270
MA,1,2022,24.922170,60.182357
MA,2,2022,24.948532,60.252974
MA,1,2022,25.058494,60.210108
MA,1,2022,24.950809,60.167869
MA,1,2022,25.007310,60.248719
MA,1,2022,24.889212,60.232911
MA,1,2022,24.969989,60.198639
MA,1,2022,25.077598,60.226132
MA,2,2022,24.910799,60.164228
MA,1,2022,25.054383,60.244116
MA,1,2022,24.962702,60.195542
MA,1,2022,24.953245,60.173307
MA,2,2022,25.132564,60.232650
MA,2,2022,24.977287,60.179114
MA,2,2022,24.882249,60.231014
MA,1,2022,25.079821,60.223776
MA,2,2022,24.945643,60.208730
MA,1,2022,24.920770,60.239970
MA,2,2022,24.860609,60.162921
MA,2,2022,24.907839,60.164392
MA,1,2022,24.909581,60.237096
MA,1,2022,24.953282,60.244777
MA,1,2022,24.945107,60.208619
MA,1,2022,24.905313,60.192877
MA,1,2022,24.936486,60.206640
MA,1,2022,25.219600,60.270264
MA,1,2022,24.967706,60.216207
MA,1,2022,24.910235,60.186936
MA,1,2022,25.106467,60.239221
MA,1,2022,24.881210,60.234516
MA,1,2022,24.946819,60.186882
MA,1,2022,25.082229,60.219639
MA,2,2022,24.859262,60.224190
MA,1,2022,24.897105,60.238363
MA,1,2022,24.952132,60.155132
MA,1,2022,24.947781,60.198527
MA,1,2022,24.898924,60.235260
MA,1,2022,24.865848,60.231443
MA,1,2022,24.984986,60.186303
MA,1,2022,24.875093,60.235959
MA,2,2022,25.096416,60.208380
MA,2,2022,24.987408,60.242013
MA,1,2022,25.086070,60.214093
MA,1,2022,24.883327,60.213412
MA,2,2022,24.914563,60.190680
MA,1,2022,25.047775,60.241182
MA,1,2022,24.958489,60.187458
MA,1,2022,24.853710,60.237547
MA,1,2022,25.131764,60.213394
MA,1,2022,24.894000,60.203051
MA,2,2022,24.937680,60.170926
MA,1,2022,25.090792,60.210345
MA,1,2022,25.071447,60.228412
MA,1,2022,25.088170,60.211982
MA,2,2022,25.135405,60.205749
MA,1,2022,24.949929,60.254011
MA,1,2022,24.947304,60.198407
MA,1,2022,24.945724,60.188745
MA,1,2022,24.936197,60.196040
MA,1,2022,24.956883,60.184078
MA,1,2022,24.936680,60.170842
MA,1,2022,24.918154,60.189839
MA,1,2022,25.175601,60.210472
MA,1,2022,24.922577,60.162317
MA,1,2022,25.116854,60.219292
MA,1,2022,24.991811,60.251887
MA,1,2022,25.030682,60.241083
MA,1,2022,25.122535,60.227938
MA,2,2022,24.896214,60.192803
MA,2,2022,25.088944,60.211427
MA,1,2022,25.039581,60.192227
MA,1,2022,25.083953,60.253857
MA,2,2022,24.959945,60.167643
MA,2,2022,25.070206,60.258478
MA,1,2022,25.010848,60.235368
MA,2,2022,24.964194,60.189774
MA,1,2022,24.951616,60.182346
MA,1,2022,24.884536,60.197044
MA,1,2022,24.954413,60.195768
MA,2,2022,24.876466,60.228320
MA,1,2022,24.961603,60.186077
MA,1,2022,24.929825,60.193092
MA,1,2022,25.214544,60.250226
MA,1,2022,25.084612,60.216256
MA,2,2022,25.047206,60.234140
MA,1,2022,24.927799,60.163800
MA,2,2022,25.084265,60.216774
MA,1,2022,24.952531,60.167695
MA,1,2022,24.934142,60.184981
MA,1,2022,24.923974,60.220601
MA,1,2022,24.849681,60.245692
MA,1,2022,24.847690,60.165172
MA,1,2022,24.985361,60.223218
MA,1,2022,24.937887,60.158546
MA,1,2022,24.950300,60.197378
MA,1,2022,24.960680,60.192419
MA,1,2022,24.865058,60.249671
MA,1,2022,24.966711,60.258692
MA,1,2022,24.901096,60.191344
MA,1,2022,24.962051,60.197050
MA,2,2022,24.884409,60.189769
MA,1,2022,24.958493,60.160326
MA,1,2022,25.084490,60.216103
MA,1,2022,24.983760,60.264384
MA,1,2022,24.953472,60.170869
MA,1,2022,24.851394,60.240083
MA,1,2022,24.845197,60.243409
MA,1,2022,24.957032,60.179495
MA,2,2022,25.070284,60.258331
MA,2,2022,25.072235,60.260946
MA,1,2022,24.855611,60.232665
MA,2,2022,24.965375,60.168798
MA,2,2022,25.075125,60.272427
MA,1,2022,24.872979,60.163222
MA,1,2022,25.086293,60.264266
MA,2,2022,25.075271,60.228015
MA,2,2022,24.993502,60.251568
MA,1,2022,24.929967,60.195850
MA,1,2022,25.052986,60.206499
MA,1,2022,25.067958,60.228390
MA,1,2022,24.906454,60.198650
MA,1,2022,24.934532,60.166121
MA,1,2022,24.940817,60.170569
MA,1,2022,25.007703,60.251697
MA,1,2022,24.929697,60.241292
MA,1,2022,24.870260,60.246993
MA,2,2022,25.132559,60.232670
MA,1,2022,24.912470,60.185839
MA,1,2022,24.980907,60.255167
MA,1,2022,25.086340,60.213015
MA,1,2022,25.068414,60.208154
MA,1,2022,24.962449,60.187129
MA,2,2022,24.887017,60.234808
MA,1,2022,25.008935,60.249492
MA,1,2022,25.117471,60.233771
MA,2,2022,25.040975,60.281583
MA,1,2022,24.994340,60.254338
MA,2,2022,25.057784,60.263560
MA,1,2022,25.032592,60.268616
MA,1,2022,24.849365,60.241326
MA,1,2022,24.989068,60.249161
MA,2,2022,25.041189,60.188252
MA,1,2022,24.999127,60.226620
MA,1,2022,25.086061,60.214078
MA,1,2022,24.966433,60.215669
MA,1,2022,25.050331,60.180541
MA,1,2022,24.926697,60.164193
MA,1,2022,24.974256,60.243115
MA,1,2022,24.948586,60.247725
MA,1,2022,24.925739,60.182682
MA,1,2022,24.929838,60.209226
MA,1,2022,25.013905,60.241465
MA,1,2022,24.922185,60.156720
MA,1,2022,25.011686,60.228337
MA,1,2022,25.084251,60.213584
MA,1,2022,24.905610,60.204602
MA,1,2022,24.863589,60.232749
MA,1,2022,25.020622,60.241587
MA,1,2022,24.987000,60.241834
MA,2,2022,25.082163,60.269468
MA,1,2022,24.922562,60.162179
MA,1,2022,24.947367,60.240865
MA,1,2022,25.037631,60.194741
MA,1,2022,24.925592,60.200466
MA,2,2022,25.014768,60.252802
MA,1,2022,24.926905,60.200676
MA,1,2022,25.078902,60.266930
MA,1,2022,24.970309,60.216524
MA,1,2022,25.075310,60.207852
MA,1,2022,24.926844,60.207128
MA,1,2022,24.942462,60.165426
MA,1,2022,25.045896,60.234910
MA,1,2022,24.915945,60.189812
MA,1,2022,25.026563,60.241710
MA,1,2022,24.931518,60.170678
MA,1,2022,24.888074,60.234655
MA,1,2022,25.028215,60.282681
MA,1,2022,24.925761,60.233409
MA,2,2022,24.902524,60.220805
MA,2,2022,24.883653,60.215818
MA,1,2022,25.188126,60.264593
MA,1,2022,25.107547,60.237483
MA,1,2022,25.030815,60.241211
MA,1,2022,24.958514,60.185372
MA,2,2022,24.945723,60.163057
MA,1,2022,25.086737,60.213120
MA,1,2022,24.902537,60.220830
MA,1,2022,24.881590,60.255050
MA,1,2022,25.096245,60.208420
MA,1,2022,25.069479,60.228358
MA,1,2022,25.035999,60.240421
MA,1,2022,25.057474,60.245378
MA,2,2022,25.087676,60.212260
MA,1,2022,25.077450,60.226189
MA,1,2022,24.943708,60.212872
MA,1,2022,24.958568,60.197606
MA,1,2022,25.070010,60.252178
MA,2,2022,24.968369,60.209208
MA,1,2022,25.035164,60.274136
MA,2,2022,24.967929,60.207844
MA,1,2022,24.996728,60.242660
MA,1,2022,24.967422,60.167952
MA,1,2022,24.943004,60.213532
MA,1,2022,25.087535,60.212455
MA,1,2022,25.070576,60.228086
MA,1,2022,24.943556,60.213256
MA,1,2022,24.961602,60.174472
MA,2,2022,24.849654,60.241387
MA,1,2022,25.087526,60.212157
MA,1,2022,24.946203,60.235274
MA,1,2022,25.061039,60.215968
MA,1,2022,25.002349,60.241362
MA,1,2022,25.087237,60.212094
MA,1,2022,24.894490,60.166439
MA,1,2022,24.950478,60.254546
MP,2,2022,25.080119,60.209117
MP,1,2022,24.963625,60.201870
MP,2,2022,24.885161,60.263239
MP,2,2022,24.879074,60.251029
MP,2,2022,24.859595,60.235299
MP,1,2022,24.929803,60.195457
MP,2,2022,24.993184,60.241998
MP,2,2022,24.923956,60.191189
MP,2,2022,25.009355,60.226503
MP,2,2022,24.900430,60.235587
MP,1,2022,24.937945,60.166171
MP,2,2022,24.930075,60.160557
MP,2,2022,24.942152,60.184050
MP,2,2022,25.021893,60.192097
MP,2,2022,24.857792,60.163381
MP,2,2022,24.875430,60.215234
MP,2,2022,25.045881,60.237086
MP,2,2022,25.007206,60.236853
MP,2,2022,25.014035,60.224322
MP,1,2022,24.923199,60.161981
MP,2,2022,25.054038,60.207336
MP,2,2022,25.042966,60.194896
MP,2,2022,25.000836,60.231228
MP,2,2022,24.958780,60.256568
MP,1,2022,25.011548,60.253837
MP,1,2022,25.061473,60.254334
MP,1,2022,24.863841,60.160570
MP,1,2022,24.956160,60.187241
MP,2,2022,24.925755,60.242950
MP,1,2022,24.885018,60.213167
MP,1,2022,24.899133,60.213901
PP,1,2022,24.988339,60.219555
PP,2,2022,24.923314,60.247533
PP,2,2022,24.888087,60.239180
PP,2,2022,24.962111,60.198716
PP,2,2022,25.057858,60.215133
PP,2,2022,24.936255,60.167311
PP,2,2022,24.956250,60.179114
PP,1,2022,24.881300,60.211589
PP,1,2022,24.975189,60.189760
PP,2,2022,25.022914,60.191525
PP,2,2022,24.951636,60.180428
PP,1,2022,24.952683,60.165637
PP,2,2022,24.891890,60.208608
PP,1,2022,24.959055,60.243187
PP,2,2022,24.866325,60.224078
PP,2,2022,25.090126,60.214539
PP,2,2022,24.874162,60.239113
PP,2,2022,25.054208,60.207297
PP,2,2022,24.934890,60.155130
PP,1,2022,24.853595,60.235259
PP,1,2022,25.174694,60.221710
PP,2,2022,24.877819,60.160742
PP,2,2022,25.061878,60.191282
PP,2,2022,24.944912,60.172023
PP,2,2022,25.044716,60.273473
PP,2,2022,24.963832,60.189214
PP,2,2022,24.959493,60.241636
PP,2,2022,25.030432,60.193915
PP,2,2022,24.873635,60.219832
PP,3,2022,25.113069,60.232185
PP,2,2022,25.043905,60.186314
PP,1,2022,24.998192,60.256824
PP,2,2022,24.915377,60.163307
PP,1,2022,24.954335,60.273265
PP,2,2022,25.123441,60.228712
PP,2,2022,24.948425,60.186641
PP,2,2022,24.988024,60.259073
PP,1,2022,24.972709,60.188318
PP,2,2022,24.922583,60.177176
PP,2,2022,24.865834,60.231311
PP,1,2022,24.951985,60.180698
PP,2,2022,24.930319,60.193580
PP,2,2022,24.933999,60.185335
PP,2,2022,25.148646,60.208865
PP,2,2022,24.916729,60.160485
PP,2,2022,24.931889,60.171115
PP,2,2022,24.927937,60.240053
PP,2,2022,24.961640,60.219058
PP,2,2022,25.008195,60.189251
PP,2,2022,25.090604,60.210434
PP,2,2022,24.950476,60.174133
PP,2,2022,25.080731,60.233226
PP,2,2022,24.889510,60.236139
PP,1,2022,25.058190,60.270186
PP,2,2022,24.870906,60.246176
PP,1,2022,24.990476,60.267254
PP,2,2022,24.869041,60.161677
PP,2,2022,25.014456,60.286158
PP,2,2022,25.068706,60.262875
PP,1,2022,24.956734,60.197196
PP,1,2022,24.962198,60.189283
PP,2,2022,24.918028,60.189842
PP,1,2022,25.042763,60.199140
PP,2,2022,24.880954,60.211181
PP,2,2022,25.056139,60.207303
JK,3,2021,25.016807,60.234466
JK,3,2021,24.950194,60.178924
JK,2,2021,25.026701,60.254815
JK,2,2021,24.928986,60.237146
JK,2,2021,25.078803,60.210868
JK,2,2021,24.918962,60.252502
JK,2,2021,24.950105,60.175918
JK,2,2021,24.846035,60.230443
JK,2,2021,24.928213,60.239162
JK,2,2021,24.944636,60.158128
JK,2,2021,24.957345,60.194610
JK,2,2021,24.956867,60.170231
JK,2,2021,25.021252,60.269560
JK,2,2021,24.885373,60.234640
JK,2,2021,24.966777,60.184921
JK,2,2021,25.030654,60.194442
JK,2,2021,24.949216,60.173168
JK,2,2021,24.962685,60.196413
JK,2,2021,24.938227,60.163473
JK,2,2021,25.128079,60.230853
JK,2,2021,24.974861,60.181683
JK,2,2021,25.009708,60.230318
JK,2,2021,24.932625,60.167414
JK,2,2021,24.953547,60.215917
JK,2,2021,24.914746,60.158649
JK,2,2021,24.963160,60.168893
JK,2,2021,24.924602,60.227005
JK,2,2021,25.094749,60.211782
JK,2,2021,25.009337,60.251562
JK,2,2021,25.018884,60.242245
JK,2,2021,24.930308,60.220753
JK,2,2021,25.144392,60.203711
JK,2,2021,24.983075,60.264420
JK,2,2021,24.945695,60.167679
JK,2,2021,24.955331,60.219390
JK,2,2021,24.940024,60.171279
JK,2,2021,24.927126,60.197058
JK,2,2021,25.073413,60.239764
JK,2,2021,24.853808,60.226631
JK,2,2021,24.908357,60.192961
JK,2,2021,24.932228,60.159812
JK,2,2021,24.962732,60.195664
JK,2,2021,24.994523,60.258427
JK,1,2021,25.034290,60.193429
JK,1,2021,24.873356,60.214150
JK,1,2021,24.897746,60.266107
JK,1,2021,24.939679,60.168957
JK,1,2021,24.951745,60.155187
JK,1,2021,24.925639,60.243133
JK,1,2021,24.912074,60.191690
JK,1,2021,24.946540,60.160272
MA,3,2021,24.979397,60.193644
MA,3,2021,25.030611,60.256069
MA,2,2021,24.980245,60.186796
MA,2,2021,24.948569,60.186533
MA,2,2021,24.959513,60.258547
MA,2,2021,24.986812,60.241855
MA,2,2021,25.067604,60.228443
MA,2,2021,24.921122,60.163263
MA,2,2021,24.854136,60.238398
MA,2,2021,24.968086,60.186049
MA,2,2021,24.904420,60.194299
MA,2,2021,24.948006,60.191196
MA,2,2021,24.926711,60.207146
MA,2,2021,24.948585,60.209432
MA,2,2021,25.122779,60.236889
MA,2,2021,24.927212,60.166975
MA,2,2021,25.126970,60.235750
MA,2,2021,24.968343,60.208055
MA,2,2021,25.027705,60.169080
MA,2,2021,24.945362,60.206883
MA,2,2021,25.062986,60.163300
MA,2,2021,24.935579,60.165326
MA,2,2021,24.922478,60.162183
MA,2,2021,24.948472,60.160664
MA,2,2021,24.942258,60.196614
MA,2,2021,24.921444,60.163452
MA,2,2021,24.938584,60.198700
MA,2,2021,24.911759,60.165756
MA,2,2021,24.945930,60.167144
MA,2,2021,24.932004,60.165206
MA,2,2021,24.947608,60.166740
MA,2,2021,24.958958,60.193736
MA,2,2021,25.057061,60.210805
MA,2,2021,24.947876,60.209420
MA,2,2021,24.881334,60.211209
MA,2,2021,25.020348,60.243328
MA,2,2021,24.961420,60.259832
MA,2,2021,25.095885,60.208093
MA,2,2021,24.866717,60.234753
MA,2,2021,24.922721,60.162444
MA,2,2021,24.951355,60.167899
MA,2,2021,24.918198,60.183568
MA,2,2021,25.050188,60.231981
MA,2,2021,24.931784,60.183846
MA,2,2021,24.881469,60.211358
MA,2,2021,24.949288,60.190589
MA,2,2021,24.956363,60.179220
MA,2,2021,25.081067,60.211782
MA,2,2021,24.899244,60.207764
MA,2,2021,24.961362,60.182051
MA,2,2021,25.083280,60.217997
MA,2,2021,24.987358,60.241998
MA,2,2021,24.903663,60.231033
MA,2,2021,24.921394,60.160261
MA,2,2021,24.909967,60.192267
MA,2,2021,24.961203,60.186160
MA,2,2021,24.968426,60.208963
MA,2,2021,24.970642,60.204978
MA,2,2021,24.957061,60.190478
MA,2,2021,24.906996,60.216145
MA,2,2021,25.095931,60.208393
MA,2,2021,24.862249,60.234540
MA,2,2021,24.910573,60.191237
MA,2,2021,25.084103,60.235748
MA,2,2021,24.935573,60.162647
MA,2,2021,24.888826,60.237195
MA,2,2021,25.075868,60.252761
MA,2,2021,24.908070,60.192864
MA,2,2021,24.851873,60.239927
MA,2,2021,25.007004,60.248745
MA,2,2021,24.858484,60.235928
MA,2,2021,25.035938,60.193011
MA,2,2021,24.897750,60.237698
MA,2,2021,24.933035,60.220767
MA,2,2021,24.867362,60.234541
MA,2,2021,24.943815,60.212311
MA,2,2021,25.133861,60.229192
MA,2,2021,25.014393,60.189419
MA,2,2021,25.079957,60.223196
MA,2,2021,24.981611,60.241541
MA,2,2021,24.920875,60.181870
MA,2,2021,24.876891,60.164971
MA,2,2021,25.066215,60.208242
MA,2,2021,25.052553,60.243253
MA,2,2021,24.850655,60.240544
MA,2,2021,25.075744,60.227109
MA,2,2021,24.893832,60.234471
MA,2,2021,25.039609,60.237712
MA,2,2021,25.013112,60.241251
MA,2,2021,24.967585,60.262406
MA,2,2021,25.079922,60.223194
MA,2,2021,24.891984,60.208697
MA,2,2021,24.921198,60.160325
MA,2,2021,24.966951,60.190309
MA,2,2021,25.051871,60.264136
MA,2,2021,24.977673,60.241140
MA,2,2021,24.968003,60.207372
MA,2,2021,24.929219,60.164233
MA,2,2021,24.854310,60.238294
MA,2,2021,25.075775,60.243573
MA,2,2021,24.933041,60.205911
MA,2,2021,24.930553,60.252335
MA,2,2021,24.919928,60.220051
MA,2,2021,24.959762,60.170298
MA,2,2021,25.065047,60.251769
MA,2,2021,25.069534,60.208485
MA,2,2021,24.936584,60.171217
MA,2,2021,25.074905,60.241453
MA,2,2021,25.064411,60.234859
MA,2,2021,24.938877,60.163776
MA,2,2021,24.909086,60.222719
MA,2,2021,24.985840,60.264445
MA,2,2021,25.084634,60.215839
MA,2,2021,24.935634,60.196584
MA,2,2021,24.915575,60.183399
MA,2,2021,25.134806,60.235200
MA,2,2021,24.888207,60.195852
MA,2,2021,24.856909,60.236696
MA,2,2021,24.934117,60.201173
MA,2,2021,25.053685,60.229999
MA,2,2021,25.060957,60.247792
MA,2,2021,24.902474,60.235578
MA,2,2021,25.057380,60.263725
MA,2,2021,24.916017,60.180458
MA,2,2021,24.977953,60.192897
MA,2,2021,25.086129,60.214112
MA,2,2021,24.944694,60.187812
MA,2,2021,24.898307,60.235014
MA,2,2021,25.015848,60.189618
MA,2,2021,25.091040,60.214235
MA,2,2021,24.957821,60.248381
MA,2,2021,24.907085,60.226809
MA,2,2021,25.081460,60.222737
MA,2,2021,24.888576,60.232869
MA,2,2021,25.085972,60.214064
MA,2,2021,24.945064,60.195147
MA,2,2021,24.999374,60.248154
MA,2,2021,24.957072,60.179642
MA,1,2021,24.914470,60.208783
MA,1,2021,24.907353,60.237129
MA,1,2021,24.964263,60.261788
MA,1,2021,24.867375,60.162504
MA,1,2021,25.008567,60.228619
MA,1,2021,25.200856,60.265102
MA,1,2021,24.862727,60.234522
MA,1,2021,25.047304,60.240690
MA,1,2021,25.215685,60.269175
MA,1,2021,25.050420,60.232164
MA,1,2021,24.962186,60.260296
MA,1,2021,24.910840,60.221028
MA,1,2021,25.159577,60.208881
MA,1,2021,24.909423,60.208546
MA,1,2021,24.924439,60.171306
MA,1,2021,25.034898,60.277627
MA,1,2021,25.049282,60.241453
MA,1,2021,25.007093,60.227163
MA,1,2021,25.021996,60.283464
MA,1,2021,24.894938,60.234809
MA,1,2021,24.921268,60.164685
MA,1,2021,24.964733,60.192904
MA,1,2021,25.078636,60.238731
MA,1,2021,24.846731,60.230333
MA,1,2021,24.935239,60.166333
MA,1,2021,24.944472,60.226793
MA,1,2021,25.034441,60.281986
MA,1,2021,24.940805,60.242153
MA,1,2021,24.966472,60.184784
MA,1,2021,25.081704,60.220719
MA,1,2021,24.941715,60.242629
MA,1,2021,24.948235,60.250059
MA,1,2021,25.085192,60.214211
MA,1,2021,25.064878,60.251510
MA,1,2021,24.886111,60.234470
MA,1,2021,24.961613,60.198998
MA,1,2021,24.921697,60.240178
MA,1,2021,24.908084,60.164967
MA,1,2021,24.869291,60.209868
MA,1,2021,24.857738,60.236155
MA,1,2021,24.961270,60.159266
MA,1,2021,24.932638,60.241601
MA,1,2021,25.149365,60.204382
MA,1,2021,24.939901,60.242237
MA,1,2021,24.951811,60.255304
MA,1,2021,25.082238,60.253514
MA,1,2021,24.862456,60.234295
MA,1,2021,24.946221,60.167751
MA,1,2021,25.020247,60.283974
MA,1,2021,24.907466,60.237133
MA,1,2021,25.075172,60.208780
MA,1,2021,25.018940,60.284335
MA,1,2021,24.898014,60.235115
MA,1,2021,25.048931,60.233138
MA,1,2021,24.840513,60.229988
MA,1,2021,24.841526,60.230024
MA,1,2021,24.957364,60.244624
MA,1,2021,25.045030,60.239683
MA,1,2021,24.989382,60.242160
MA,1,2021,24.963605,60.189868
MA,1,2021,25.007518,60.228376
MA,1,2021,25.026156,60.223018
MA,1,2021,24.934010,60.173922
MA,1,2021,24.955004,60.244652
MA,1,2021,25.081795,60.255933
MA,1,2021,24.996999,60.242092
MA,1,2021,24.902404,60.208149
MA,1,2021,24.898724,60.207896
MA,1,2021,24.899329,60.207939
MA,1,2021,25.028577,60.281602
MA,1,2021,24.881078,60.213797
MA,1,2021,25.041993,60.192566
MA,1,2021,24.901378,60.198462
MA,1,2021,24.919889,60.189889
MA,1,2021,24.936254,60.206460
MA,1,2021,24.956881,60.182569
MA,1,2021,25.051393,60.242481
MA,1,2021,24.957681,60.182998
MA,1,2021,24.937987,60.206727
MA,1,2021,24.961551,60.186863
MA,1,2021,25.071723,60.227891
MA,1,2021,24.963873,60.188632
MA,1,2021,24.930055,60.195464
MA,1,2021,25.133788,60.229266
MA,1,2021,25.007096,60.252165
MA,1,2021,25.028382,60.281639
MA,1,2021,24.958257,60.215629
MA,1,2021,24.934014,60.185346
MA,1,2021,24.956379,60.179280
MA,1,2021,24.990933,60.264329
MA,1,2021,24.947807,60.196427
MA,1,2021,24.956269,60.182057
MA,1,2021,24.922904,60.162010
MA,1,2021,24.993049,60.245487
MA,1,2021,24.921746,60.156881
MA,1,2021,24.936246,60.171010
MA,1,2021,24.898275,60.235943
MA,1,2021,25.044019,60.216450
MA,1,2021,25.043734,60.265435
MA,1,2021,24.916960,60.208521
MA,1,2021,24.981838,60.183004
MA,1,2021,24.986391,60.251692
MA,1,2021,25.056241,60.207374
MA,1,2021,25.007989,60.286559
MA,1,2021,24.865704,60.252478
MA,1,2021,24.961662,60.175449
MA,1,2021,24.953941,60.254620
MA,1,2021,25.102749,60.217104
MA,1,2021,24.964486,60.244418
MA,1,2021,25.056131,60.208413
MA,1,2021,25.012610,60.229150
MA,1,2021,24.949814,60.164477
MA,1,2021,24.935872,60.195440
MA,1,2021,24.979023,60.231514
MA,1,2021,24.962255,60.158039
MA,1,2021,25.019569,60.254762
MA,1,2021,25.069312,60.228345
MA,1,2021,25.056232,60.207389
MA,1,2021,25.047466,60.241043
MA,1,2021,24.915405,60.238892
MA,1,2021,24.966576,60.189036
MA,1,2021,24.908426,60.192933
MA,1,2021,24.884704,60.165234
MA,1,2021,25.089489,60.215094
MA,1,2021,24.928275,60.163968
MA,1,2021,24.919242,60.182727
MA,1,2021,24.854934,60.235256
MA,1,2021,25.123353,60.228337
MA,1,2021,25.075348,60.208430
MA,1,2021,25.050504,60.242315
MA,1,2021,24.868386,60.234796
MA,1,2021,25.079777,60.224542
MA,1,2021,25.125540,60.227272
MA,1,2021,25.010505,60.248204
MA,1,2021,24.970217,60.188276
MA,1,2021,24.910438,60.191122
MA,1,2021,24.993470,60.272798
MA,1,2021,25.078859,60.261168
MA,1,2021,25.039668,60.237643
MA,1,2021,25.017651,60.241509
MA,1,2021,24.906217,60.228569
MA,1,2021,24.943411,60.187176
MA,1,2021,24.866113,60.231348
MA,1,2021,24.918656,60.183090
MA,1,2021,24.980447,60.240374
MA,1,2021,24.948803,60.198071
MA,1,2021,24.955800,60.257283
MA,1,2021,24.879168,60.257654
MA,1,2021,24.978091,60.187120
MA,1,2021,24.957695,60.168422
MA,1,2021,24.997012,60.241846
MA,1,2021,25.008171,60.234311
MA,1,2021,25.128085,60.230959
MA,1,2021,25.081862,60.212412
MA,1,2021,25.075974,60.227210
MA,1,2021,24.920265,60.171603
MA,1,2021,24.909787,60.153810
MA,1,2021,24.945527,60.206872
MA,1,2021,24.943644,60.191085
MA,1,2021,24.940371,60.157996
MA,1,2021,24.961399,60.187116
MA,1,2021,24.965202,60.203265
MA,1,2021,24.907371,60.191237
MA,1,2021,24.912227,60.164610
MA,1,2021,24.982674,60.255391
MA,1,2021,25.058066,60.231847
MA,1,2021,25.003042,60.241196
MA,1,2021,25.219091,60.270266
MA,1,2021,25.182003,60.212190
MA,1,2021,25.134065,60.231814
MA,1,2021,24.979715,60.182839
MA,1,2021,25.017357,60.281146
MA,1,2021,24.858411,60.163411
MA,1,2021,24.940316,60.198650
MA,1,2021,24.889263,60.235914
MA,1,2021,24.940410,60.229733
MA,1,2021,25.073916,60.211007
MA,1,2021,24.887798,60.238161
MA,1,2021,24.962184,60.197484
MA,1,2021,24.950044,60.178831
MA,1,2021,24.948823,60.244131
MA,1,2021,25.009479,60.230204
MA,1,2021,24.881238,60.161807
MA,1,2021,24.869598,60.234542
MA,1,2021,25.010827,60.247771
MA,1,2021,25.051372,60.231830
MA,1,2021,24.910265,60.191542
MA,1,2021,24.968373,60.232892
MA,1,2021,24.889919,60.209052
MA,1,2021,24.957218,60.194536
MA,1,2021,24.876804,60.205662
MA,1,2021,24.895551,60.239602
MA,1,2021,25.049162,60.241534
MA,1,2021,25.108297,60.241432
MA,1,2021,24.842779,60.241686
MA,1,2021,24.912285,60.238623
MA,1,2021,25.033115,60.195793
MA,1,2021,24.924867,60.245426
MA,1,2021,24.974117,60.195612
MA,1,2021,24.889090,60.209663
MA,1,2021,24.912038,60.164641
MA,1,2021,24.965239,60.203304
MA,1,2021,25.042328,60.237143
MA,1,2021,25.039881,60.244191
MA,1,2021,25.085420,60.213828
MA,1,2021,24.850940,60.181799
MA,1,2021,24.953422,60.259114
MA,1,2021,25.086234,60.212990
MA,1,2021,25.002079,60.260079
MA,1,2021,24.894230,60.234520
MA,1,2021,24.883484,60.213106
MA,1,2021,25.085586,60.214727
MA,1,2021,25.069150,60.263162
MA,1,2021,25.112791,60.196843
MA,1,2021,25.038432,60.195700
MA,1,2021,24.849872,60.235740
MA,1,2021,25.151002,60.207509
MA,1,2021,24.943236,60.184748
MA,1,2021,25.009775,60.250072
MA,1,2021,25.070549,60.258440
MA,1,2021,24.896563,60.238853
MA,1,2021,25.071363,60.259686
MA,1,2021,24.915092,60.188042
MA,1,2021,24.921832,60.170089
MA,1,2021,25.092279,60.214139
MA,1,2021,24.945602,60.167736
MA,1,2021,25.132667,60.232837
MA,1,2021,24.899164,60.208079
MA,1,2021,24.891808,60.261674
MA,1,2021,24.989230,60.259892
MA,1,2021,24.941994,60.242438
MA,1,2021,25.033631,60.270712
MA,1,2021,24.978600,60.241953
MA,1,2021,24.952216,60.178387
MA,1,2021,24.962208,60.218388
MA,1,2021,25.046832,60.205508
MA,1,2021,24.917398,60.186399
MA,1,2021,25.204908,60.265443
MA,1,2021,25.158129,60.219011
MA,1,2021,24.883201,60.160523
MA,1,2021,24.900804,60.212194
MA,1,2021,24.980272,60.185905
MA,1,2021,24.935636,60.167852
MA,1,2021,25.066739,60.253409
MA,1,2021,25.080865,60.233432
MA,1,2021,24.936795,60.170885
MA,1,2021,24.945064,60.208921
MA,1,2021,25.019306,60.190680
MA,1,2021,24.922563,60.162360
MA,1,2021,25.080958,60.254761
MA,1,2021,24.913242,60.208867
MA,1,2021,25.086067,60.214077
MA,1,2021,24.934933,60.165878
MA,1,2021,25.051665,60.231200
MA,1,2021,24.950427,60.244595
MA,1,2021,24.912370,60.219715
MA,1,2021,25.008287,60.249319
MA,1,2021,25.001253,60.245980
MA,1,2021,24.879762,60.155139
MA,1,2021,24.889174,60.234428
MA,1,2021,24.834508,60.250829
MA,1,2021,24.925399,60.201809
MA,1,2021,24.911473,60.165797
MA,1,2021,24.997621,60.241585
MA,1,2021,25.145982,60.204109
MA,1,2021,25.026427,60.222993
MA,1,2021,24.958129,60.183220
MA,1,2021,24.900744,60.199118
MA,1,2021,24.897821,60.215595
MA,1,2021,25.036522,60.193040
MA,1,2021,24.944922,60.154551
MA,1,2021,24.929870,60.195579
MA,1,2021,25.084367,60.208860
MA,1,2021,25.086225,60.213011
MA,1,2021,24.943359,60.213570
MA,1,2021,25.074792,60.252585
MA,1,2021,24.943397,60.154315
MA,1,2021,24.947450,60.194237
MA,1,2021,24.910780,60.190841
MA,1,2021,25.086198,60.213021
MA,1,2021,24.970423,60.198770
MA,1,2021,24.870840,60.234747
MA,1,2021,25.087551,60.212471
MA,1,2021,24.932355,60.197608
MA,1,2021,24.921381,60.190267
MA,1,2021,24.976524,60.246262
MA,1,2021,24.875523,60.188481
MA,1,2021,24.897763,60.166774
MA,1,2021,25.012153,60.188719
MA,1,2021,24.875178,60.238869
MA,1,2021,24.877401,60.164201
MA,1,2021,24.897606,60.234471
MA,1,2021,25.080950,60.214089
MA,1,2021,24.941621,60.165969
MA,1,2021,24.885377,60.234733
MA,1,2021,25.055180,60.230738
MA,1,2021,24.962196,60.230004
MA,1,2021,24.918696,60.188372
MA,1,2021,25.010552,60.248210
MA,1,2021,24.927359,60.240705
MA,1,2021,25.135568,60.207746
MA,1,2021,24.996610,60.241294
MA,1,2021,25.054696,60.244266
MA,1,2021,24.930201,60.160520
MA,1,2021,24.885248,60.152596
MA,1,2021,24.950204,60.177853
MA,1,2021,24.910256,60.158587
MA,1,2021,24.888886,60.246501
MA,1,2021,25.018218,60.242545
MA,1,2021,24.889562,60.243819
MA,1,2021,25.006752,60.252303
MA,1,2021,25.002900,60.265866
MA,1,2021,25.051423,60.207509
MA,1,2021,24.938164,60.163542
MA,1,2021,25.086297,60.213845
MA,1,2021,25.087799,60.237937
MA,1,2021,24.969791,60.212179
MA,1,2021,25.092001,60.235174
MA,1,2021,24.942826,60.242602
MA,1,2021,25.081079,60.223449
MA,1,2021,25.050275,60.180510
MA,1,2021,24.905863,60.208034
MA,1,2021,24.928769,60.170158
MA,1,2021,24.968262,60.208869
MA,1,2021,25.081101,60.223410
MA,1,2021,25.067323,60.228618
MA,1,2021,24.859272,60.235248
MA,1,2021,24.901294,60.191326
MA,1,2021,24.950019,60.173767
MA,1,2021,24.950389,60.173931
MA,1,2021,25.019140,60.274637
MA,1,2021,24.947273,60.169206
MA,1,2021,24.947597,60.196405
MA,1,2021,24.882315,60.164905
MA,1,2021,24.878620,60.203016
MA,1,2021,24.967589,60.186450
MA,1,2021,25.008975,60.249580
MA,1,2021,25.032530,60.195152
MA,1,2021,24.848070,60.229474
MA,1,2021,24.921660,60.167841
MA,1,2021,25.086249,60.213024
MA,1,2021,24.851575,60.239920
MA,1,2021,24.893688,60.241809
MA,1,2021,24.928268,60.182144
MA,1,2021,24.966284,60.208423
MA,1,2021,25.086217,60.213862
MA,1,2021,24.929396,60.176324
MA,1,2021,25.142539,60.206643
MA,1,2021,24.997082,60.242137
MA,1,2021,24.886189,60.234612
MA,1,2021,24.899380,60.202931
MA,1,2021,24.877747,60.203171
MA,1,2021,24.958105,60.248383
MA,1,2021,24.900255,60.236596
MA,1,2021,24.960597,60.179072
MA,1,2021,24.930774,60.200587
MA,1,2021,24.944957,60.202449
MA,1,2021,25.047017,60.205633
MA,1,2021,25.043883,60.201662
MA,1,2021,24.964196,60.189322
MA,1,2021,24.957378,60.190449
MA,1,2021,24.959113,60.155479
MA,1,2021,24.931181,60.165780
MA,1,2021,24.958491,60.232688
MA,1,2021,25.037383,60.240148
MA,1,2021,24.898627,60.207937
MA,1,2021,25.041910,60.237081
MA,1,2021,25.078882,60.221293
MA,1,2021,24.880451,60.237421
MA,1,2021,25.106127,60.219182
MA,1,2021,25.040175,60.197491
MA,1,2021,24.944226,60.167734
MA,1,2021,25.084383,60.216313
MA,1,2021,24.940045,60.157637
MA,1,2021,24.971583,60.192389
MA,1,2021,24.853399,60.232030
MA,1,2021,24.862361,60.234269
MA,1,2021,24.955990,60.194096
MA,1,2021,24.858880,60.233639
MA,1,2021,25.078931,60.221249
MA,1,2021,25.158890,60.203879
MA,1,2021,24.881871,60.202607
MA,1,2021,24.871244,60.234747
MA,1,2021,25.040185,60.281558
MA,1,2021,24.956401,60.188355
MA,1,2021,24.884638,60.208069
MA,1,2021,24.926707,60.164209
MA,1,2021,25.069343,60.256996
MA,1,2021,24.976939,60.186224
MA,1,2021,25.065472,60.228829
MA,1,2021,24.922873,60.162061
MA,1,2021,24.982220,60.251749
MA,1,2021,24.937543,60.167972
MA,1,2021,24.953435,60.254469
MA,1,2021,24.882999,60.209419
MA,1,2021,25.081844,60.221044
MA,1,2021,25.054846,60.229943
MA,1,2021,25.006292,60.277768
MA,1,2021,25.055464,60.231379
MA,1,2021,24.945030,60.170546
MA,1,2021,24.957037,60.194478
MA,1,2021,24.965616,60.215273
MA,1,2021,24.945723,60.207174
MA,1,2021,25.035729,60.195150
MA,1,2021,24.931837,60.183963
MA,1,2021,25.086715,60.212234
MA,1,2021,24.975730,60.242435
MA,1,2021,24.927228,60.240979
MA,1,2021,24.968146,60.186113
MA,1,2021,24.947620,60.242301
MA,1,2021,25.048493,60.241471
MA,1,2021,24.910318,60.191288
MA,1,2021,24.850748,60.180491
MA,1,2021,24.893429,60.226601
MA,1,2021,25.028662,60.281525
MA,1,2021,24.895643,60.239623
MA,1,2021,25.058323,60.210327
MA,1,2021,24.926179,60.202692
MA,1,2021,24.936901,60.170868
MA,1,2021,24.916163,60.164423
MA,1,2021,24.921106,60.190100
MA,1,2021,24.929631,60.202396
MA,1,2021,24.919109,60.188775
MA,1,2021,24.957638,60.190302
MA,1,2021,25.078848,60.221347
MA,1,2021,24.873326,60.234606
MA,1,2021,24.852190,60.239781
MA,1,2021,25.135416,60.206073
MA,1,2021,24.932526,60.171154
MA,1,2021,24.928024,60.241055
MA,1,2021,25.107252,60.237716
MA,1,2021,25.086269,60.213031
MA,1,2021,25.107511,60.237527
MA,1,2021,24.899248,60.209086
MA,1,2021,24.947555,60.163404
MA,1,2021,24.874985,60.161017
MA,1,2021,24.881470,60.219267
MA,1,2021,25.068606,60.263128
MA,1,2021,24.959001,60.244580
MA,1,2021,24.934604,60.207202
MA,1,2021,25.132558,60.232646
MA,1,2021,25.135196,60.207225
MA,1,2021,25.057268,60.242872
MA,1,2021,24.852754,60.238181
MA,1,2021,25.173718,60.224011
MA,1,2021,24.936057,60.195276
MA,1,2021,24.886936,60.234812
MA,1,2021,24.900965,60.246034
MA,1,2021,25.127961,60.231446
MA,1,2021,24.941526,60.157225
MA,1,2021,24.876149,60.154845
MA,1,2021,24.917489,60.208597
MA,1,2021,25.054134,60.207600
MA,1,2021,24.888373,60.247850
MA,1,2021,24.956407,60.179255
MA,1,2021,25.044226,60.235613
MA,1,2021,25.212016,60.267578
MA,1,2021,24.889626,60.246701
MA,1,2021,24.947546,60.245082
MA,1,2021,25.079990,60.254087
MA,1,2021,24.893539,60.208643
MA,1,2021,25.086237,60.212039
MA,1,2021,25.048963,60.210364
MA,1,2021,25.065571,60.207933
MA,1,2021,24.964321,60.206603
MA,1,2021,24.926600,60.204137
MA,1,2021,24.938397,60.239097
MA,1,2021,24.856679,60.235157
MA,1,2021,25.069810,60.208195
MA,1,2021,24.915618,60.183397
MA,1,2021,24.889021,60.233035
MA,1,2021,24.859400,60.235436
MA,1,2021,24.899385,60.202848
MA,1,2021,24.886901,60.235226
MA,1,2021,25.083676,60.235606
MA,1,2021,24.966556,60.189276
MA,1,2021,24.947407,60.208933
MA,1,2021,24.945080,60.200530
MA,1,2021,24.945329,60.195032
MA,1,2021,24.961081,60.196525
MA,1,2021,25.083497,60.235343
MA,1,2021,25.087337,60.212335
MA,1,2021,24.936249,60.171299
MP,3,2021,24.879841,60.202582
MP,3,2021,24.913239,60.149891
MP,2,2021,24.981850,60.254115
MP,2,2021,25.068569,60.263141
MP,2,2021,24.850296,60.240705
MP,2,2021,24.842518,60.230109
MP,2,2021,24.959664,60.167826
MP,2,2021,24.924674,60.245606
MP,2,2021,24.914466,60.158576
MP,2,2021,25.048174,60.234647
MP,2,2021,25.163578,60.229217
MP,2,2021,24.883910,60.214292
MP,2,2021,25.086128,60.214095
MP,2,2021,25.031807,60.198403
MP,2,2021,25.100013,60.237100
MP,2,2021,25.071994,60.202605
MP,2,2021,25.017163,60.224776
MP,2,2021,24.968513,60.210025
MP,2,2021,25.039794,60.261428
MP,2,2021,24.945625,60.168885
MP,2,2021,25.035178,60.277644
MP,2,2021,25.080285,60.245766
MP,2,2021,24.885472,60.157274
MP,1,2021,24.864465,60.234692
MP,1,2021,25.067321,60.227874
MP,1,2021,24.930103,60.167873
MP,1,2021,25.075631,60.206177
MP,1,2021,25.086004,60.214144
MP,1,2021,25.018988,60.242327
PP,2,2021,24.975037,60.187243
PP,2,2021,24.948391,60.191176
PP,2,2021,25.076395,60.204293
PP,2,2021,24.965937,60.234590
PP,2,2021,24.929243,60.169949
PP,2,2021,25.025258,60.190996
PP,2,2021,24.924652,60.245678
PP,2,2021,24.966595,60.189425
PP,2,2021,24.954381,60.253971
PP,2,2021,25.010576,60.229446
PP,2,2021,24.950466,60.191225
PP,2,2021,25.082028,60.223530
PP,2,2021,24.952526,60.187049
PP,2,2021,24.974840,60.196392
PP,2,2021,24.906723,60.172997
PP,2,2021,25.067278,60.261047
PP,2,2021,25.022862,60.191460
PP,2,2021,24.860952,60.170151
PP,2,2021,24.941980,60.160797
PP,2,2021,25.085465,60.213786
PP,2,2021,25.133859,60.221920
PP,2,2021,24.975013,60.187250
PP,2,2021,24.961337,60.189916
PP,2,2021,25.055437,60.197754
PP,2,2021,25.055135,60.231339
PP,2,2021,25.088205,60.209618
PP,2,2021,24.935823,60.171122
PP,2,2021,24.897886,60.196985
PP,2,2021,24.966280,60.189418
PP,2,2021,25.133894,60.221955
PP,2,2021,24.993298,60.267106
PP,2,2021,24.857370,60.239128
PP,2,2021,25.036068,60.193212
PP,2,2021,25.042427,60.265698
PP,2,2021,25.037001,60.194093
PP,2,2021,24.969528,60.187139
PP,2,2021,24.990180,60.185585
PP,2,2021,25.075692,60.208546
PP,2,2021,24.935612,60.201388
PP,2,2021,25.012100,60.232559
PP,2,2021,25.047974,60.232674
PP,2,2021,24.948702,60.193803
PP,2,2021,24.854180,60.178991
PP,2,2021,24.888684,60.237094
PP,2,2021,25.087896,60.212374
PP,2,2021,24.927868,60.239906
PP,2,2021,24.882008,60.238008
PP,2,2021,24.952206,60.247591
PP,2,2021,24.906966,60.191096
PP,2,2021,24.927355,60.196351
PP,2,2021,24.934197,60.230724
PP,2,2021,25.012084,60.228228
PP,2,2021,24.952854,60.181023
PP,2,2021,25.077816,60.222410
PP,2,2021,24.912802,60.191379
PP,2,2021,24.899924,60.236767
PP,2,2021,25.005110,60.247889
PP,2,2021,24.885333,60.156961
PP,2,2021,24.986797,60.251601
PP,2,2021,24.929843,60.182419
PP,2,2021,25.029362,60.284014
PP,2,2021,24.877330,60.199801
PP,2,2021,25.090756,60.214277
PP,2,2021,24.968519,60.188440
PP,2,2021,24.892033,60.161198
PP,2,2021,25.015657,60.279349
PP,2,2021,24.912720,60.188549
PP,2,2021,25.042404,60.265631
PP,2,2021,24.939231,60.221139
PP,1,2021,24.859686,60.162528
PP,1,2021,24.925684,60.163850
PP,1,2021,25.028877,60.259116
PP,1,2021,24.932280,60.156622
PP,1,2021,24.975804,60.194516
PP,1,2021,24.948716,60.193819
PP,1,2021,24.888749,60.236347
PP,1,2021,25.104009,60.208322
PP,1,2021,24.947932,60.256098
PP,1,2021,24.932013,60.192685
PP,1,2021,25.042396,60.265644
PP,1,2021,24.882420,60.200739
PP,1,2021,24.937299,60.172845
PP,1,2021,24.928412,60.197586
PP,1,2021,24.918293,60.187620
PP,1,2021,24.966306,60.189441
PP,1,2021,24.954362,60.193163
PP,1,2021,24.935099,60.162446
PP,1,2021,24.843300,60.241976
PP,1,2021,25.020494,60.258251
PP,1,2021,24.846519,60.232698
PP,1,2021,24.967648,60.231144
PP,1,2021,24.952890,60.181029
PP,1,2021,24.880982,60.211206
PP,1,2021,24.944842,60.239859
PP,1,2021,24.873493,60.227519
PP,1,2021,24.935757,60.171194
PP,1,2021,24.939874,60.244710
PP,1,2021,25.024791,60.191794
PP,1,2021,24.930997,60.168589
PP,1,2021,25.050471,60.162594
PP,1,2021,25.067249,60.261017
JK,3,2020,24.948923,60.197863
JK,3,2020,24.999709,60.238932
JK,3,2020,24.907502,60.159160
JK,2,2020,24.943662,60.221659
JK,2,2020,24.947967,60.165610
JK,2,2020,25.070966,60.258030
JK,2,2020,24.927289,60.167008
JK,2,2020,25.081816,60.212343
JK,2,2020,24.963200,60.228990
JK,2,2020,24.905763,60.191330
JK,2,2020,24.956295,60.187321
JK,2,2020,24.877121,60.198127
JK,2,2020,24.881200,60.210992
JK,2,2020,25.081835,60.212349
JK,2,2020,25.027496,60.227308
JK,2,2020,24.976350,60.246666
JK,2,2020,24.933163,60.167084
JK,2,2020,24.846621,60.238455
JK,2,2020,25.078809,60.211141
JK,2,2020,25.112384,60.206981
JK,2,2020,24.997430,60.248592
JK,2,2020,25.081820,60.212353
JK,2,2020,24.943646,60.221712
JK,2,2020,25.016493,60.279056
JK,2,2020,24.884276,60.198469
JK,2,2020,25.005364,60.252527
JK,2,2020,25.147692,60.216870
JK,2,2020,25.034503,60.196608
JK,2,2020,24.931675,60.230683
JK,2,2020,24.924954,60.191311
JK,2,2020,24.958032,60.168575
JK,2,2020,25.076256,60.204244
JK,2,2020,24.953791,60.191562
JK,2,2020,24.964134,60.226929
JK,2,2020,24.879145,60.197793
JK,2,2020,24.909914,60.192122
JK,2,2020,24.961194,60.159437
JK,2,2020,24.917589,60.186674
JK,2,2020,24.963672,60.217750
JK,2,2020,24.850576,60.238799
JK,2,2020,25.082232,60.236248
JK,2,2020,24.942842,60.162591
JK,2,2020,24.877009,60.157954
JK,2,2020,25.104990,60.227324
JK,2,2020,24.922068,60.229984
JK,2,2020,24.933129,60.164407
JK,2,2020,24.961231,60.191837
JK,2,2020,24.950313,60.210344
JK,2,2020,24.942861,60.162587
JK,2,2020,24.934698,60.168445
JK,2,2020,24.953584,60.169927
JK,2,2020,24.952156,60.179745
JK,2,2020,24.934172,60.200497
JK,2,2020,24.974038,60.167293
JK,2,2020,25.059677,60.213458
JK,1,2020,25.042415,60.265658
JK,1,2020,24.955737,60.167792
JK,1,2020,24.915061,60.155357
JK,1,2020,24.927499,60.165615
JK,1,2020,24.853286,60.237737
JK,1,2020,25.052840,60.178224
JK,1,2020,24.931349,60.168099
JK,1,2020,24.947955,60.255993
JK,1,2020,24.955005,60.167927
JK,1,2020,24.949774,60.193259
JK,1,2020,24.917348,60.186542
JK,1,2020,25.077317,60.209703
JK,1,2020,24.907688,60.217199
JK,1,2020,24.938951,60.172468
JK,1,2020,25.087282,60.214300
JK,1,2020,24.969354,60.189974
JK,1,2020,24.940308,60.166901
JK,1,2020,24.929223,60.169976
JK,1,2020,25.004819,60.188949
JK,1,2020,24.931394,60.167462
JK,1,2020,25.053978,60.196654
MA,3,2020,25.084871,60.247243
MA,2,2020,25.059282,60.207739
MA,2,2020,25.036680,60.281939
MA,2,2020,25.217793,60.269855
MA,2,2020,24.964903,60.215273
MA,2,2020,25.069325,60.228403
MA,2,2020,25.077693,60.262210
MA,2,2020,24.934233,60.185110
MA,2,2020,24.973341,60.216757
MA,2,2020,24.844502,60.230181
MA,2,2020,25.066585,60.228714
MA,2,2020,24.938765,60.242117
MA,2,2020,24.866746,60.162420
MA,2,2020,24.921067,60.163379
MA,2,2020,25.002999,60.238931
MA,2,2020,24.928748,60.170171
MA,2,2020,24.872604,60.227654
MA,2,2020,24.961492,60.189623
MA,2,2020,25.002512,60.246290
MA,2,2020,24.957805,60.187334
MA,2,2020,24.961541,60.187446
MA,2,2020,24.953072,60.179624
MA,2,2020,24.932902,60.174230
MA,2,2020,25.017134,60.254415
MA,2,2020,24.941207,60.242315
MA,2,2020,25.006915,60.248756
MA,2,2020,24.967552,60.199475
MA,2,2020,24.864745,60.234740
MA,2,2020,25.072053,60.260613
MA,2,2020,25.026672,60.222918
MA,2,2020,25.110822,60.221605
MA,2,2020,24.940500,60.164355
MA,2,2020,25.231601,60.272073
MA,2,2020,24.899392,60.202712
MA,2,2020,25.043530,60.201343
MA,2,2020,25.136252,60.207064
MA,2,2020,24.895791,60.204475
MA,2,2020,24.901459,60.198482
MA,2,2020,24.940470,60.185807
MA,2,2020,25.019441,60.241564
MA,2,2020,24.915435,60.186064
MA,2,2020,24.947426,60.240342
MA,2,2020,24.932996,60.171161
MA,2,2020,24.952077,60.219044
MA,2,2020,24.937876,60.241861
MA,2,2020,24.890135,60.195424
MA,2,2020,24.964581,60.202509
MA,2,2020,24.921851,60.157653
MA,2,2020,24.932779,60.197898
MA,2,2020,24.957089,60.194583
MA,2,2020,25.079953,60.223199
MA,2,2020,25.102974,60.217928
MA,2,2020,24.897926,60.237090
MA,2,2020,25.038430,60.195699
MA,2,2020,24.948019,60.193969
MA,2,2020,24.927514,60.169416
MA,2,2020,24.888448,60.234679
MA,2,2020,25.051748,60.230403
MA,2,2020,25.069468,60.252404
MA,2,2020,24.964433,60.193120
MA,2,2020,25.080412,60.222551
MA,2,2020,24.957176,60.194543
MA,2,2020,25.077655,60.225855
MA,2,2020,24.850484,60.240642
MA,2,2020,24.977305,60.244995
MA,2,2020,24.961935,60.197007
MA,2,2020,24.969875,60.188613
MA,2,2020,25.004269,60.248276
MA,2,2020,24.878519,60.197101
MA,2,2020,25.001202,60.241445
MA,2,2020,25.036840,60.176542
MA,2,2020,25.048762,60.207332
MA,2,2020,25.080493,60.268366
MA,2,2020,25.089549,60.209957
MA,2,2020,24.899405,60.191436
MA,2,2020,25.034675,60.197084
MA,2,2020,24.906368,60.207964
MA,2,2020,24.941193,60.158065
MA,2,2020,24.926470,60.203067
MA,2,2020,24.958982,60.244471
MA,2,2020,24.886926,60.234812
MA,2,2020,25.058388,60.246175
MA,2,2020,25.020881,60.242110
MA,2,2020,25.056217,60.208463
MA,2,2020,25.032007,60.282169
MA,2,2020,25.000394,60.247766
MA,2,2020,24.964229,60.189831
MA,2,2020,24.959673,60.180520
MA,2,2020,25.080901,60.233322
MA,2,2020,25.079999,60.223287
MA,2,2020,25.056753,60.245287
MA,2,2020,25.085207,60.238917
MA,2,2020,24.921352,60.167615
MA,2,2020,24.965408,60.165863
MA,2,2020,24.996810,60.242087
MA,2,2020,25.136350,60.237593
MA,2,2020,24.965439,60.262856
MA,2,2020,24.953398,60.191508
MA,2,2020,24.933101,60.174092
MA,2,2020,24.957425,60.176767
MA,2,2020,24.890351,60.245815
MA,2,2020,24.860542,60.160014
MA,2,2020,24.937858,60.166174
MA,2,2020,24.883627,60.232091
MA,2,2020,25.078298,60.230682
MA,2,2020,24.859029,60.235401
MA,2,2020,24.919021,60.187632
MA,2,2020,24.975984,60.216857
MA,2,2020,25.137084,60.211620
MA,2,2020,24.909015,60.237501
MA,2,2020,24.918752,60.175104
MA,2,2020,24.908405,60.219710
MA,2,2020,24.925174,60.202625
MA,2,2020,25.031754,60.267623
MA,2,2020,24.906379,60.252056
MA,2,2020,25.201978,60.274936
MA,2,2020,24.962580,60.201070
MA,2,2020,24.906504,60.222475
MA,2,2020,24.916228,60.185403
MA,2,2020,25.173465,60.261917
MA,2,2020,24.929862,60.157123
MA,2,2020,24.928002,60.206783
MA,2,2020,24.886694,60.234499
MA,2,2020,24.892530,60.234318
MA,2,2020,24.854440,60.232358
MA,2,2020,25.196684,60.265095
MA,2,2020,25.107229,60.237750
MA,2,2020,24.927997,60.180367
MA,2,2020,25.114744,60.231910
MA,2,2020,24.899836,60.235210
MA,1,2020,24.943486,60.228908
MA,1,2020,24.912370,60.208807
MA,1,2020,24.913236,60.238699
MA,1,2020,24.846281,60.230489
MA,1,2020,24.955530,60.193677
MA,1,2020,24.899316,60.207086
MA,1,2020,24.936075,60.171199
MA,1,2020,24.854189,60.237230
MA,1,2020,24.933586,60.241963
MA,1,2020,25.025340,60.241802
MA,1,2020,24.987241,60.186141
MA,1,2020,24.941303,60.196110
MA,1,2020,25.066575,60.253276
MA,1,2020,24.897266,60.235231
MA,1,2020,24.975302,60.188607
MA,1,2020,24.976599,60.264883
MA,1,2020,24.936653,60.170846
MA,1,2020,24.926742,60.241108
MA,1,2020,24.922740,60.162364
MA,1,2020,24.895206,60.240027
MA,1,2020,24.941276,60.242247
MA,1,2020,24.966355,60.263513
MA,1,2020,24.863287,60.223673
MA,1,2020,24.873425,60.218307
MA,1,2020,25.114662,60.231822
MA,1,2020,25.085291,60.214170
MA,1,2020,24.869167,60.225111
MA,1,2020,24.940689,60.242374
MA,1,2020,25.233309,60.272341
MA,1,2020,24.926872,60.181941
MA,1,2020,24.933000,60.205568
MA,1,2020,24.921131,60.167816
MA,1,2020,24.931744,60.184432
MA,1,2020,24.948072,60.163411
MA,1,2020,24.932189,60.175071
MA,1,2020,24.965379,60.244467
MA,1,2020,24.933294,60.221495
MA,1,2020,24.903952,60.162972
MA,1,2020,25.066975,60.208047
MA,1,2020,24.958154,60.169201
MA,1,2020,24.914789,60.164440
MA,1,2020,24.857146,60.184393
MA,1,2020,24.940816,60.166512
MA,1,2020,24.942124,60.159759
MA,1,2020,25.034801,60.240138
MA,1,2020,24.909658,60.166314
MA,1,2020,24.937148,60.166746
MA,1,2020,25.027863,60.192355
MA,1,2020,24.921194,60.240201
MA,1,2020,24.907917,60.164892
MA,1,2020,24.899557,60.207960
MA,1,2020,24.882742,60.195639
MA,1,2020,24.961729,60.191843
MA,1,2020,24.948256,60.187921
MA,1,2020,24.880314,60.205525
MA,1,2020,25.030855,60.241206
MA,1,2020,24.914317,60.163265
MA,1,2020,24.843266,60.242114
MA,1,2020,25.051785,60.230513
MA,1,2020,24.963117,60.187827
MA,1,2020,24.894348,60.241476
MA,1,2020,25.006328,60.268595
MA,1,2020,24.862677,60.219828
MA,1,2020,24.934776,60.198100
MA,1,2020,25.055735,60.208471
MA,1,2020,25.074520,60.239723
MA,1,2020,25.065796,60.228627
MA,1,2020,24.938604,60.160492
MA,1,2020,24.991548,60.277511
MA,1,2020,24.908822,60.165272
MA,1,2020,24.916197,60.185429
MA,1,2020,24.885257,60.196404
MA,1,2020,25.019925,60.242168
MA,1,2020,24.945795,60.199439
MA,1,2020,24.890055,60.208943
MA,1,2020,25.015454,60.243266
MA,1,2020,24.945989,60.170867
MA,1,2020,24.933097,60.230607
MA,1,2020,24.970190,60.243801
MA,1,2020,24.892845,60.234418
MA,1,2020,24.923263,60.179071
MA,1,2020,24.957487,60.194650
MA,1,2020,24.959964,60.184574
MA,1,2020,24.966045,60.208516
MA,1,2020,24.892627,60.234745
MA,1,2020,25.128347,60.231068
MA,1,2020,24.945548,60.208750
MA,1,2020,24.930164,60.170261
MA,1,2020,24.906232,60.191368
MA,1,2020,24.928199,60.206452
MA,1,2020,25.056148,60.207303
MA,1,2020,24.958103,60.249425
MA,1,2020,24.958923,60.176030
MA,1,2020,24.933497,60.221907
MA,1,2020,25.087470,60.231750
MA,1,2020,24.962418,60.183013
MA,1,2020,24.939735,60.164915
MA,1,2020,24.922504,60.162162
MA,1,2020,25.083093,60.269457
MA,1,2020,24.947199,60.182868
MA,1,2020,25.083754,60.258633
MA,1,2020,24.952924,60.164118
MA,1,2020,24.938387,60.241961
MA,1,2020,24.930731,60.160380
MA,1,2020,24.963193,60.208669
MA,1,2020,24.944368,60.233899
MA,1,2020,24.938121,60.219356
MA,1,2020,24.949404,60.160426
MA,1,2020,25.073028,60.224548
MA,1,2020,25.049314,60.175439
MA,1,2020,24.947211,60.221424
MA,1,2020,24.962413,60.196127
MA,1,2020,25.068168,60.263162
MA,1,2020,25.073972,60.252461
MA,1,2020,24.960962,60.259658
MA,1,2020,25.073502,60.252612
MA,1,2020,25.209736,60.265906
MA,1,2020,24.924485,60.164845
MA,1,2020,24.996803,60.242068
MA,1,2020,25.123939,60.228759
MA,1,2020,24.930042,60.195785
MA,1,2020,24.998742,60.226468
MA,1,2020,25.005877,60.277844
MA,1,2020,24.992787,60.241923
MA,1,2020,24.998174,60.241683
MA,1,2020,24.859292,60.235237
MA,1,2020,24.892278,60.161371
MA,1,2020,25.054330,60.243904
MA,1,2020,24.882368,60.201420
MA,1,2020,24.890099,60.208936
MA,1,2020,24.945173,60.200250
MA,1,2020,25.020073,60.241878
MA,1,2020,25.004110,60.185956
MA,1,2020,25.049739,60.241610
MA,1,2020,24.969831,60.188292
MA,1,2020,24.903943,60.194434
MA,1,2020,24.902520,60.232198
MA,1,2020,24.881262,60.202346
MA,1,2020,25.082026,60.220510
MA,1,2020,25.087685,60.212252
MA,1,2020,24.891864,60.261640
MA,1,2020,25.162959,60.210376
MA,1,2020,24.903421,60.235993
MA,1,2020,24.971821,60.187615
MA,1,2020,25.083723,60.217642
MA,1,2020,24.958361,60.173203
MA,1,2020,24.958319,60.173247
MA,1,2020,24.886219,60.158190
MA,1,2020,24.953070,60.243796
MA,1,2020,25.016891,60.241706
MA,1,2020,25.079936,60.223405
MA,1,2020,24.904509,60.226437
MA,1,2020,25.056733,60.209057
MA,1,2020,24.943689,60.185007
MA,1,2020,25.097108,60.212621
MA,1,2020,24.898508,60.166873
MA,1,2020,25.207200,60.265944
MA,1,2020,25.034002,60.240842
MA,1,2020,24.912445,60.164642
MA,1,2020,24.894119,60.234708
MA,1,2020,24.990742,60.261455
MA,1,2020,24.957004,60.192625
MA,1,2020,24.921108,60.167672
MA,1,2020,24.949326,60.244438
MA,1,2020,24.886822,60.249110
MA,1,2020,24.964850,60.203113
MA,1,2020,25.087620,60.238083
MA,1,2020,25.039940,60.190637
MA,1,2020,24.958125,60.194143
MA,1,2020,25.075107,60.208484
MA,1,2020,24.974540,60.242793
MA,1,2020,24.923256,60.178983
MA,1,2020,25.036885,60.240289
MA,1,2020,24.922356,60.240362
MA,1,2020,24.932749,60.197896
MA,1,2020,24.933887,60.184987
MA,1,2020,24.916603,60.189731
MA,1,2020,24.950878,60.181796
MA,1,2020,24.907004,60.191244
MA,1,2020,24.930016,60.177040
MA,1,2020,24.957463,60.187411
MA,1,2020,24.947917,60.158366
MA,1,2020,24.945055,60.170661
MA,1,2020,24.941122,60.158357
MA,1,2020,24.952061,60.182544
MA,1,2020,24.907077,60.191249
MA,1,2020,24.961779,60.198825
MA,1,2020,24.942070,60.167527
MA,1,2020,24.944602,60.257943
MA,1,2020,24.933543,60.173856
MA,1,2020,25.100573,60.238392
MA,1,2020,24.982057,60.251463
MA,1,2020,24.921295,60.164528
MA,1,2020,25.067309,60.212140
MA,1,2020,24.939783,60.170646
MA,1,2020,24.947549,60.238427
MA,1,2020,25.002749,60.246570
MA,1,2020,25.079108,60.252907
MA,1,2020,25.070592,60.264386
MA,1,2020,24.953945,60.193195
MA,1,2020,25.050954,60.206223
MA,1,2020,25.135283,60.206011
MA,1,2020,25.056250,60.208957
MA,1,2020,25.076128,60.227171
MA,1,2020,24.960668,60.181199
MA,1,2020,25.124794,60.199747
MA,1,2020,25.071953,60.262937
MA,1,2020,24.883658,60.214032
