rank,count,weighted_score,sev_1,sev_2,sev_3,type_MA,type_PP,type_JK,type_MP,lat,lon
1,48,56.0,40,8,0,45,2,0,1,60.212731,25.086933
2,20,29.0,11,9,0,19,0,0,1,60.223291,25.079821
3,21,27.0,15,6,0,17,1,3,0,60.194583,24.957112
4,21,26.0,16,5,0,14,2,3,2,60.214180,25.086405
5,16,23.0,9,7,0,13,1,1,1,60.208835,24.945051
6,15,20.0,10,5,0,12,3,0,0,60.242324,24.996829
7,17,19.0,15,2,0,15,1,0,1,60.191194,24.910606
8,16,19.0,13,3,0,16,0,0,0,60.170976,24.936726
9,14,19.0,9,5,0,14,0,0,0,60.234747,24.886642
10,12,19.0,5,7,0,8,2,2,0,60.186451,24.968411
11,12,19.0,5,7,0,6,6,0,0,60.208659,25.056350
12,16,18.0,14,2,0,15,1,0,0,60.162248,24.922633
13,14,18.0,10,4,0,12,1,0,1,60.235415,24.859319
14,11,17.0,5,6,0,5,2,1,3,60.263131,25.068911
15,13,16.0,10,3,0,13,0,0,0,60.237677,25.107257
16,11,16.0,6,5,0,8,3,0,0,60.179309,24.956688
17,9,16.0,2,7,0,6,2,1,0,60.185340,24.916498
18,13,15.0,11,2,0,13,0,0,0,60.223112,25.081058
19,12,15.0,9,3,0,11,0,1,0,60.202679,24.881486
20,12,15.0,9,3,0,12,0,0,0,60.235328,24.899098
21,11,15.0,7,4,0,7,3,0,1,60.189250,24.918866
22,11,15.0,7,4,0,9,0,0,2,60.243315,25.052767
23,10,15.0,5,5,0,7,3,0,0,60.208896,24.891111
24,9,15.0,3,6,0,6,1,2,0,60.186945,24.961034
25,11,14.0,8,3,0,10,0,1,0,60.196979,24.962151
26,10,14.0,6,4,0,5,5,0,0,60.189167,24.966543
27,7,14.0,2,4,1,7,0,0,0,60.227204,25.075460
28,11,13.0,9,2,0,10,1,0,0,60.241387,24.996995
29,10,13.0,7,3,0,8,0,2,0,60.170716,24.939545
30,10,13.0,7,3,0,10,0,0,0,60.241914,24.986955
31,9,13.0,5,4,0,4,2,3,0,60.188949,24.963308
32,9,13.0,5,4,0,6,0,2,1,60.187295,24.957064
33,11,12.0,10,1,0,11,0,0,0,60.203193,24.965232
34,10,12.0,8,2,0,7,1,1,1,60.210295,25.090700
35,10,12.0,8,2,0,9,0,0,1,60.241560,25.049243
36,10,12.0,8,2,0,8,2,0,0,60.227453,24.873162
37,10,12.0,8,2,0,8,2,0,0,60.208678,25.075362
38,9,12.0,6,3,0,7,1,1,0,60.192612,24.929486
39,9,12.0,6,3,0,7,1,0,1,60.166909,24.937330
40,9,12.0,6,3,0,7,1,0,1,60.213597,25.084901
41,8,12.0,4,4,0,2,4,2,0,60.265672,25.042544
42,8,12.0,4,4,0,6,2,0,0,60.252910,25.014583
43,8,12.0,4,4,0,6,1,1,0,60.175133,24.950263
44,8,12.0,4,4,0,3,3,1,1,60.211366,24.881318
45,8,12.0,4,4,0,3,4,1,0,60.193641,24.948912
46,7,12.0,2,5,0,2,1,4,0,60.210762,25.078599
47,7,12.0,2,5,0,7,0,0,0,60.232608,24.855223
48,7,12.0,2,5,0,4,3,0,0,60.248713,25.007153
49,7,12.0,2,5,0,5,2,0,0,60.165384,24.911515
50,7,12.0,2,5,0,3,3,1,0,60.188907,24.969259
51,10,11.0,9,1,0,9,1,0,0,60.167106,24.942731
52,9,11.0,7,2,0,8,0,0,1,60.164603,24.912511
53,8,11.0,5,3,0,6,0,2,0,60.167497,24.945240
54,8,11.0,5,3,0,6,0,2,0,60.196829,24.884760
55,8,11.0,5,3,0,7,0,0,1,60.184569,24.942641
56,8,11.0,5,3,0,6,1,0,1,60.240788,24.927357
57,8,11.0,5,3,0,6,1,1,0,60.183113,24.918872
58,8,11.0,5,3,0,8,0,0,0,60.214526,25.085372
59,8,11.0,5,3,0,6,1,1,0,60.167468,24.921266
60,8,11.0,5,3,0,7,1,0,0,60.237140,25.041207
61,6,11.0,1,5,0,4,0,2,0,60.192545,24.909121
62,6,11.0,1,5,0,1,1,4,0,60.212378,25.081853
63,9,10.0,8,1,0,8,0,1,0,60.171084,24.945198
64,9,10.0,8,1,0,9,0,0,0,60.213305,24.943353
65,9,10.0,8,1,0,9,0,0,0,60.242323,24.940995
66,9,10.0,8,1,0,9,0,0,0,60.164858,24.921077
67,8,10.0,6,2,0,8,0,0,0,60.207815,24.899180
68,8,10.0,6,2,0,5,1,2,0,60.167204,24.941121
69,7,10.0,4,3,0,4,2,1,0,60.228575,25.123542
70,7,10.0,4,3,0,6,0,0,1,60.240340,24.850963
71,7,10.0,4,3,0,3,4,0,0,60.236815,24.889226
72,7,10.0,4,3,0,6,1,0,0,60.189566,24.964485
73,7,10.0,4,3,0,7,0,0,0,60.234510,24.893124
74,6,10.0,2,4,0,4,1,1,0,60.189727,24.961234
75,6,10.0,2,4,0,2,3,0,1,60.192976,24.930828
76,6,10.0,2,4,0,3,1,0,2,60.263632,25.057394
77,6,10.0,2,4,0,4,1,1,0,60.183460,24.915588
78,6,10.0,2,4,0,1,4,1,0,60.215457,24.958303
79,6,10.0,4,1,1,3,3,0,0,60.192993,25.036579
80,6,10.0,2,4,0,3,0,3,0,60.221539,24.943401
81,5,10.0,0,5,0,2,1,1,1,60.215293,24.875610
82,8,9.0,7,1,0,8,0,0,0,60.242524,25.051015
83,8,9.0,7,1,0,8,0,0,0,60.202818,24.899265
84,8,9.0,7,1,0,6,1,0,1,60.170752,24.931236
85,7,9.0,5,2,0,5,0,2,0,60.168572,24.934911
86,7,9.0,5,2,0,7,0,0,0,60.232677,25.132571
87,7,9.0,5,2,0,7,0,0,0,60.216442,25.084373
88,7,9.0,5,2,0,6,1,0,0,60.231094,25.055429
89,7,9.0,5,2,0,6,0,0,1,60.234868,24.860856
90,7,9.0,5,2,0,5,0,2,0,60.164771,24.926907
91,7,9.0,5,2,0,7,0,0,0,60.181632,24.927442
92,7,9.0,5,2,0,5,2,0,0,60.190563,24.957048
93,6,9.0,3,3,0,2,2,2,0,60.191262,24.964760
94,6,9.0,3,3,0,6,0,0,0,60.228569,25.067335
95,6,9.0,3,3,0,4,1,1,0,60.191360,24.953322
96,6,9.0,3,3,0,6,0,0,0,60.163561,24.921221
97,6,9.0,3,3,0,3,3,0,0,60.190857,24.948782
98,5,9.0,3,1,1,4,0,0,1,60.236514,24.857325
99,7,8.0,6,1,0,7,0,0,0,60.240654,24.894717
100,7,8.0,6,1,0,7,0,0,0,60.241143,25.030993
101,7,8.0,6,1,0,6,1,0,0,60.170800,24.920780
102,6,8.0,4,2,0,5,0,1,0,60.187001,24.914790
103,6,8.0,4,2,0,5,0,1,0,60.165314,24.935007
104,6,8.0,4,2,0,6,0,0,0,60.192746,24.952887
105,6,8.0,4,2,0,6,0,0,0,60.241042,24.947246
106,6,8.0,4,2,0,6,0,0,0,60.208339,25.069233
107,6,8.0,4,2,0,3,0,3,0,60.169467,24.938823
108,6,8.0,4,2,0,6,0,0,0,60.261022,25.072377
109,6,8.0,4,2,0,6,0,0,0,60.231314,25.051238
110,5,8.0,2,3,0,1,0,4,0,60.165024,24.947225
111,5,8.0,2,3,0,5,0,0,0,60.208772,24.968379
112,5,8.0,2,3,0,3,1,1,0,60.192795,25.035192
113,5,8.0,2,3,0,4,0,1,0,60.258593,25.070674
114,5,8.0,2,3,0,5,0,0,0,60.185168,24.934158
115,5,8.0,2,3,0,2,2,0,1,60.162705,24.859444
116,5,8.0,2,3,0,4,0,1,0,60.177027,24.950227
117,5,8.0,2,3,0,1,2,2,0,60.169428,24.928904
118,5,8.0,2,3,0,4,1,0,0,60.202714,24.925182
119,4,8.0,0,4,0,0,2,2,0,60.238598,24.928496
120,4,8.0,0,4,0,4,0,0,0,60.238305,24.854251
121,4,8.0,0,4,0,0,4,0,0,60.198741,24.962113
122,4,8.0,0,4,0,1,3,0,0,60.176864,24.922482
123,4,8.0,2,1,1,2,2,0,0,60.193064,24.894910
124,7,7.0,7,0,0,7,0,0,0,60.198640,24.961808
125,7,7.0,7,0,0,7,0,0,0,60.235586,25.083077
126,6,7.0,5,1,0,5,0,1,0,60.241783,24.932891
127,6,7.0,5,1,0,5,0,1,0,60.241141,25.020550
128,6,7.0,5,1,0,6,0,0,0,60.244922,24.948822
129,6,7.0,5,1,0,5,0,0,1,60.174830,24.961655
130,6,7.0,5,1,0,5,0,0,1,60.237081,24.907286
131,6,7.0,5,1,0,6,0,0,0,60.249210,25.009100
132,6,7.0,5,1,0,6,0,0,0,60.166939,24.947279
133,6,7.0,5,1,0,6,0,0,0,60.244515,24.959059
134,6,7.0,5,1,0,5,0,1,0,60.169379,24.958693
135,5,7.0,3,2,0,4,0,1,0,60.193190,24.905106
136,5,7.0,3,2,0,3,0,2,0,60.186587,24.917331
137,5,7.0,3,2,0,3,0,1,1,60.205216,24.966633
138,5,7.0,3,2,0,3,2,0,0,60.173193,24.919133
139,5,7.0,3,2,0,4,0,1,0,60.234565,24.885430
140,5,7.0,3,2,0,4,1,0,0,60.232846,25.012459
141,5,7.0,3,2,0,5,0,0,0,60.233384,25.048818
142,5,7.0,3,2,0,4,0,1,0,60.198829,24.934552
143,5,7.0,3,2,0,4,1,0,0,60.197171,24.928500
144,5,7.0,3,2,0,5,0,0,0,60.211438,25.088933
145,5,7.0,3,2,0,4,0,1,0,60.182783,24.922638
146,5,7.0,3,2,0,5,0,0,0,60.167760,24.951297
147,5,7.0,3,2,0,5,0,0,0,60.164597,24.907774
148,5,7.0,3,2,0,5,0,0,0,60.207073,24.927061
149,5,7.0,3,2,0,3,2,0,0,60.235079,25.044985
150,5,7.0,3,2,0,5,0,0,0,60.234832,24.888915
151,5,7.0,3,2,0,4,0,0,1,60.214520,24.883758
152,5,7.0,3,2,0,3,2,0,0,60.207339,25.056176
153,5,7.0,3,2,0,5,0,0,0,60.196694,24.935532
154,5,7.0,3,2,0,3,2,0,0,60.228469,25.012453
155,5,7.0,3,2,0,5,0,0,0,60.242764,24.947396
156,5,7.0,3,2,0,5,0,0,0,60.185587,24.940400
157,4,7.0,1,3,0,2,2,0,0,60.187292,24.975306
158,4,7.0,1,3,0,2,0,2,0,60.264420,24.983598
159,4,7.0,1,3,0,4,0,0,0,60.208382,25.096488
160,4,7.0,1,3,0,2,0,1,1,60.226552,25.009393
161,4,7.0,1,3,0,2,2,0,0,60.214318,25.090733
162,4,7.0,3,0,1,3,0,1,0,60.178816,24.950335
163,4,7.0,1,3,0,1,1,1,1,60.184883,24.966694
164,4,7.0,1,3,0,4,0,0,0,60.242429,25.020648
165,4,7.0,1,3,0,2,0,2,0,60.239413,24.851390
166,4,7.0,3,0,1,3,0,0,1,60.202981,24.879290
167,4,7.0,1,3,0,1,1,1,1,60.229084,24.963475
168,4,7.0,1,3,0,2,1,1,0,60.191310,24.924508
169,4,7.0,1,3,0,2,1,1,0,60.205191,24.880544
170,4,7.0,1,3,0,3,0,0,1,60.214298,24.884854
171,3,7.0,1,1,1,2,0,1,0,60.197146,24.949064
172,6,6.0,6,0,0,6,0,0,0,60.241478,24.983367
173,6,6.0,6,0,0,5,0,0,1,60.221209,25.081696
174,6,6.0,6,0,0,6,0,0,0,60.166456,24.934860
175,6,6.0,6,0,0,6,0,0,0,60.196465,24.947587
176,6,6.0,6,0,0,6,0,0,0,60.188755,24.970973
177,6,6.0,6,0,0,6,0,0,0,60.206799,25.135227
178,6,6.0,6,0,0,6,0,0,0,60.233717,24.858751
179,6,6.0,6,0,0,3,1,2,0,60.168360,24.931204
180,5,6.0,4,1,0,4,0,1,0,60.252369,25.007064
181,5,6.0,4,1,0,4,0,1,0,60.194862,25.035403
182,5,6.0,4,1,0,5,0,0,0,60.281558,25.041050
183,5,6.0,4,1,0,4,1,0,0,60.208256,25.066913
184,5,6.0,4,1,0,5,0,0,0,60.246985,24.888977
185,5,6.0,4,1,0,4,0,1,0,60.165458,24.943124
186,5,6.0,4,1,0,5,0,0,0,60.243311,24.846611
187,5,6.0,4,1,0,5,0,0,0,60.244617,24.957098
188,5,6.0,4,1,0,5,0,0,0,60.283740,25.021003
189,5,6.0,4,1,0,4,1,0,0,60.236537,24.898901
190,5,6.0,4,1,0,5,0,0,0,60.237466,25.039675
191,5,6.0,4,1,0,5,0,0,0,60.170480,24.929128
192,5,6.0,4,1,0,4,1,0,0,60.244550,24.961275
193,5,6.0,4,1,0,5,0,0,0,60.196793,24.961533
194,5,6.0,4,1,0,4,0,1,0,60.189561,24.916752
195,5,6.0,4,1,0,5,0,0,0,60.198672,24.901133
196,5,6.0,4,1,0,5,0,0,0,60.235248,24.897342
197,5,6.0,4,1,0,5,0,0,0,60.283236,25.028994
198,5,6.0,4,1,0,4,0,1,0,60.230395,24.846405
199,5,6.0,4,1,0,4,0,1,0,60.231029,25.128360
200,5,6.0,4,1,0,3,0,1,1,60.242330,25.018954
201,5,6.0,4,1,0,5,0,0,0,60.206882,24.945605
202,5,6.0,4,1,0,4,1,0,0,60.191239,24.906930
203,5,6.0,4,1,0,5,0,0,0,60.208309,24.899398
204,5,6.0,4,1,0,3,1,1,0,60.178263,25.050595
205,4,6.0,2,2,0,2,1,1,0,60.187508,24.918709
206,4,6.0,2,2,0,3,0,1,0,60.231060,25.022442
207,4,6.0,2,2,0,2,1,1,0,60.188919,24.952888
208,4,6.0,2,2,0,3,0,1,0,60.164953,24.932863
209,4,6.0,2,2,0,4,0,0,0,60.256973,25.069071
210,4,6.0,2,2,0,1,2,1,0,60.246923,24.885358
211,4,6.0,2,2,0,4,0,0,0,60.228407,25.074990
212,4,6.0,2,2,0,3,1,0,0,60.259621,24.988724
213,4,6.0,2,2,0,4,0,0,0,60.189460,25.015036
214,4,6.0,2,2,0,3,0,0,1,60.235648,24.900864
215,4,6.0,2,2,0,4,0,0,0,60.215076,24.965415
216,4,6.0,2,2,0,3,1,0,0,60.186937,24.948351
217,4,6.0,2,2,0,3,0,0,1,60.243636,24.845302
218,4,6.0,2,2,0,2,1,1,0,60.229162,25.010886
219,4,6.0,2,2,0,2,1,0,1,60.160472,24.930444
220,4,6.0,2,2,0,1,1,0,2,60.207389,25.054121
221,4,6.0,2,2,0,2,2,0,0,60.184990,24.933135
222,4,6.0,2,2,0,3,1,0,0,60.233202,25.080683
223,4,6.0,2,2,0,2,0,2,0,60.167415,24.932837
224,4,6.0,2,2,0,2,0,1,1,60.158472,24.914810
225,4,6.0,2,2,0,4,0,0,0,60.234586,24.866722
226,4,6.0,2,2,0,4,0,0,0,60.237560,24.897627
227,4,6.0,2,2,0,3,1,0,0,60.187207,24.979239
228,4,6.0,2,2,0,2,1,0,1,60.173618,24.950493
229,4,6.0,2,2,0,2,1,0,1,60.160964,24.875160
230,4,6.0,2,2,0,3,0,1,0,60.196752,25.034987
231,4,6.0,2,2,0,1,1,2,0,60.162612,24.942783
232,4,6.0,2,2,0,4,0,0,0,60.174476,24.932821
233,4,6.0,2,2,0,4,0,0,0,60.241431,25.001032
234,4,6.0,2,2,0,3,0,1,0,60.189228,24.946987
235,4,6.0,2,2,0,2,0,2,0,60.187284,24.955266
236,4,6.0,2,2,0,4,0,0,0,60.241810,24.985185
237,3,6.0,0,3,0,3,0,0,0,60.207679,24.968191
238,3,6.0,0,3,0,2,1,0,0,60.209822,25.089211
239,3,6.0,0,3,0,1,2,0,0,60.182064,24.961204
240,3,6.0,0,3,0,2,0,0,1,60.160240,24.921265
241,3,6.0,0,3,0,1,1,1,0,60.201019,24.934634
242,3,6.0,0,3,0,0,1,0,2,60.156922,24.885085
243,3,6.0,0,3,0,0,2,1,0,60.191284,24.905318
244,3,6.0,0,3,0,1,1,0,1,60.180654,24.959549
245,3,6.0,0,3,0,1,1,0,1,60.175621,24.918447
246,3,6.0,0,3,0,2,0,0,1,60.222415,25.149401
247,3,6.0,0,3,0,0,3,0,0,60.220749,24.935493
248,3,6.0,0,3,0,2,1,0,0,60.230821,24.920846
249,5,5.0,5,0,0,5,0,0,0,60.224935,25.078986
250,5,5.0,5,0,0,5,0,0,0,60.172796,24.934498
251,5,5.0,5,0,0,5,0,0,0,60.210565,25.058742
252,5,5.0,5,0,0,5,0,0,0,60.226733,25.077200
253,5,5.0,5,0,0,5,0,0,0,60.240943,25.047345
254,4,5.0,3,1,0,3,0,1,0,60.246370,25.002406
255,4,5.0,3,1,0,3,0,1,0,60.186509,24.983380
256,4,5.0,3,1,0,4,0,0,0,60.208866,24.913043
257,4,5.0,3,1,0,4,0,0,0,60.234549,24.891045
258,4,5.0,3,1,0,4,0,0,0,60.230701,25.052295
259,4,5.0,3,1,0,4,0,0,0,60.239568,24.895646
260,4,5.0,3,1,0,4,0,0,0,60.282224,25.032235
261,4,5.0,3,1,0,4,0,0,0,60.228385,25.069237
262,4,5.0,3,1,0,1,0,2,1,60.167458,24.930808
263,4,5.0,3,1,0,4,0,0,0,60.206878,24.879668
264,4,5.0,3,1,0,3,0,0,1,60.234660,24.865037
265,4,5.0,3,1,0,4,0,0,0,60.178668,24.928975
266,4,5.0,3,1,0,3,0,1,0,60.209314,24.889508
267,4,5.0,3,1,0,4,0,0,0,60.253331,24.948937
268,4,5.0,3,1,0,4,0,0,0,60.252581,25.073472
269,4,5.0,3,1,0,4,0,0,0,60.233292,24.862604
270,4,5.0,3,1,0,4,0,0,0,60.238978,24.852835
271,4,5.0,3,1,0,4,0,0,0,60.240728,25.033101
272,4,5.0,3,1,0,3,1,0,0,60.167863,24.952599
273,4,5.0,3,1,0,3,0,1,0,60.187621,24.962785
274,4,5.0,3,1,0,4,0,0,0,60.241315,25.002682
275,4,5.0,3,1,0,2,2,0,0,60.181128,24.951268
276,4,5.0,3,1,0,3,1,0,0,60.239035,24.875223
277,4,5.0,3,1,0,2,1,1,0,60.250855,25.009087
278,4,5.0,3,1,0,4,0,0,0,60.208991,24.947324
279,4,5.0,3,1,0,4,0,0,0,60.234407,24.862448
280,4,5.0,3,1,0,4,0,0,0,60.221215,24.933277
281,4,5.0,3,1,0,4,0,0,0,60.240994,24.980890
282,4,5.0,3,1,0,4,0,0,0,60.170220,24.959401
283,4,5.0,3,1,0,4,0,0,0,60.187547,24.944711
284,4,5.0,3,1,0,4,0,0,0,60.162432,24.866788
285,4,5.0,3,1,0,4,0,0,0,60.193116,24.964618
286,4,5.0,3,1,0,4,0,0,0,60.240115,24.921119
287,4,5.0,3,1,0,4,0,0,0,60.281247,25.028506
288,4,5.0,3,1,0,4,0,0,0,60.252966,25.066654
289,4,5.0,3,1,0,4,0,0,0,60.197743,24.932626
290,4,5.0,3,1,0,3,0,0,1,60.240202,25.037133
291,4,5.0,3,1,0,4,0,0,0,60.171306,24.932925
292,4,5.0,3,1,0,4,0,0,0,60.244395,24.947362
293,4,5.0,3,1,0,2,2,0,0,60.261110,25.067106
294,4,5.0,3,1,0,2,2,0,0,60.193279,24.954597
295,4,5.0,3,1,0,3,0,1,0,60.221655,24.946858
296,4,5.0,3,1,0,4,0,0,0,60.194416,24.903833
297,4,5.0,3,1,0,4,0,0,0,60.240454,24.922607
298,4,5.0,3,1,0,2,0,1,1,60.233378,25.031064
299,3,5.0,1,2,0,2,0,1,0,60.243023,25.075438
300,3,5.0,1,2,0,0,0,3,0,60.178706,25.052580
301,3,5.0,1,2,0,1,2,0,0,60.192986,24.943746
302,3,5.0,1,2,0,1,1,1,0,60.227531,25.027511
303,3,5.0,1,2,0,1,0,1,1,60.169222,24.945349
304,3,5.0,1,2,0,2,0,1,0,60.184504,24.960400
305,3,5.0,1,2,0,2,1,0,0,60.162849,24.935050
306,3,5.0,1,2,0,3,0,0,0,60.262380,25.153099
307,3,5.0,1,2,0,2,1,0,0,60.208758,24.895210
308,3,5.0,1,2,0,3,0,0,0,60.207142,25.048672
309,3,5.0,1,2,0,3,0,0,0,60.237494,24.909187
310,3,5.0,1,2,0,3,0,0,0,60.239195,25.002551
311,3,5.0,1,2,0,1,1,1,0,60.221201,25.109305
312,3,5.0,1,2,0,1,2,0,0,60.231358,24.865837
313,3,5.0,1,2,0,2,0,0,1,60.213346,25.131659
314,3,5.0,1,2,0,3,0,0,0,60.247522,24.948338
315,3,5.0,1,2,0,3,0,0,0,60.220847,24.902531
316,3,5.0,1,2,0,2,0,0,1,60.194899,25.042966
317,3,5.0,1,2,0,1,2,0,0,60.162858,24.915096
318,3,5.0,1,2,0,1,2,0,0,60.188528,24.973057
319,3,5.0,1,2,0,2,0,1,0,60.163597,24.938423
320,3,5.0,1,2,0,0,1,2,0,60.191532,24.912475
321,3,5.0,1,2,0,3,0,0,0,60.235841,24.903048
322,3,5.0,1,2,0,1,0,0,2,60.264323,24.990885
323,3,5.0,1,2,0,3,0,0,0,60.157405,24.921830
324,3,5.0,1,2,0,1,1,0,1,60.245570,24.924731
325,3,5.0,1,2,0,2,0,1,0,60.179252,24.952481
326,3,5.0,1,2,0,3,0,0,0,60.208693,24.892696
327,3,5.0,1,2,0,1,2,0,0,60.191205,24.950408
328,3,5.0,1,2,0,1,2,0,0,60.221764,25.133884
329,3,5.0,1,2,0,1,2,0,0,60.254433,25.017162
330,3,5.0,1,2,0,2,0,1,0,60.159230,24.942300
331,3,5.0,1,2,0,2,0,1,0,60.206786,24.947433
332,3,5.0,1,2,0,1,1,1,0,60.236913,25.088499
333,3,5.0,1,2,0,1,1,1,0,60.179030,24.949472
334,2,5.0,1,0,1,2,0,0,0,60.183847,24.982920
335,2,5.0,1,0,1,1,0,1,0,60.212538,24.956547
336,2,5.0,1,0,1,2,0,0,0,60.235221,25.080154
337,2,5.0,1,0,1,1,0,0,1,60.253182,24.993698
338,4,4.0,4,0,0,3,0,1,0,60.162993,24.928633
339,4,4.0,4,0,0,3,0,1,0,60.186722,24.946786
340,4,4.0,4,0,0,4,0,0,0,60.168406,24.957726
341,4,4.0,4,0,0,4,0,0,0,60.227579,25.072968
342,4,4.0,4,0,0,4,0,0,0,60.232297,24.902697
343,4,4.0,4,0,0,4,0,0,0,60.195503,25.032788
344,4,4.0,4,0,0,4,0,0,0,60.241300,24.929215
345,4,4.0,4,0,0,4,0,0,0,60.187204,24.959479
346,4,4.0,4,0,0,4,0,0,0,60.180586,25.050628
347,4,4.0,4,0,0,4,0,0,0,60.190219,24.921412
348,4,4.0,4,0,0,4,0,0,0,60.204749,25.122950
349,4,4.0,4,0,0,4,0,0,0,60.206621,24.936950
350,4,4.0,4,0,0,4,0,0,0,60.198539,24.947417
351,4,4.0,4,0,0,4,0,0,0,60.171139,24.953406
352,4,4.0,4,0,0,4,0,0,0,60.189420,24.915622
353,4,4.0,4,0,0,4,0,0,0,60.240382,25.034913
354,4,4.0,4,0,0,4,0,0,0,60.242463,24.988797
355,4,4.0,4,0,0,4,0,0,0,60.238961,24.914969
356,4,4.0,4,0,0,4,0,0,0,60.228751,25.065312
357,3,4.0,2,1,0,2,0,1,0,60.190407,24.978644
358,3,4.0,2,1,0,3,0,0,0,60.235815,25.084241
359,3,4.0,2,1,0,3,0,0,0,60.158153,24.941174
360,3,4.0,2,1,0,3,0,0,0,60.250510,25.061891
361,3,4.0,2,1,0,3,0,0,0,60.251413,25.065234
362,3,4.0,2,1,0,3,0,0,0,60.158207,24.874739
363,3,4.0,2,1,0,3,0,0,0,60.235117,25.134809
364,3,4.0,2,1,0,3,0,0,0,60.154392,24.931390
365,3,4.0,2,1,0,2,1,0,0,60.182321,24.929235
366,3,4.0,2,1,0,2,1,0,0,60.230970,24.934092
367,3,4.0,2,1,0,2,0,0,1,60.192303,24.961109
368,3,4.0,2,1,0,3,0,0,0,60.246152,25.058343
369,3,4.0,2,1,0,3,0,0,0,60.245397,24.890950
370,3,4.0,2,1,0,3,0,0,0,60.248274,24.999234
371,3,4.0,2,1,0,3,0,0,0,60.165309,24.928581
372,3,4.0,2,1,0,2,1,0,0,60.208292,25.104399
373,3,4.0,2,1,0,3,0,0,0,60.207930,25.065330
374,3,4.0,2,1,0,3,0,0,0,60.183191,24.958220
375,3,4.0,2,1,0,3,0,0,0,60.242561,24.992950
376,3,4.0,2,1,0,2,1,0,0,60.209527,25.148855
377,3,4.0,2,1,0,3,0,0,0,60.252649,25.075358
378,3,4.0,2,1,0,3,0,0,0,60.232938,24.888936
379,3,4.0,2,1,0,2,0,1,0,60.195635,24.962874
380,3,4.0,2,1,0,3,0,0,0,60.234586,24.881461
381,3,4.0,2,1,0,2,0,0,1,60.210809,25.175494
382,3,4.0,2,1,0,2,0,1,0,60.194891,24.955423
383,3,4.0,2,1,0,2,0,1,0,60.245607,24.849581
384,3,4.0,2,1,0,1,2,0,0,60.206850,25.053376
385,3,4.0,2,1,0,3,0,0,0,60.241118,24.849128
386,3,4.0,2,1,0,3,0,0,0,60.241329,25.013018
387,3,4.0,2,1,0,3,0,0,0,60.269423,25.082496
388,3,4.0,2,1,0,2,1,0,0,60.194336,25.037239
389,3,4.0,2,1,0,3,0,0,0,60.245164,25.056759
390,3,4.0,2,1,0,2,0,0,1,60.201525,24.962752
391,3,4.0,2,1,0,2,0,0,1,60.241945,24.993320
392,3,4.0,2,1,0,1,0,1,1,60.243306,24.925615
393,3,4.0,2,1,0,2,0,1,0,60.194535,25.030446
394,3,4.0,2,1,0,3,0,0,0,60.160713,24.948733
395,3,4.0,2,1,0,3,0,0,0,60.217515,25.083642
396,3,4.0,2,1,0,3,0,0,0,60.205753,24.933057
397,3,4.0,2,1,0,3,0,0,0,60.222976,25.026418
398,3,4.0,2,1,0,2,0,1,0,60.227653,25.071393
399,3,4.0,2,1,0,2,1,0,0,60.251650,24.986510
400,3,4.0,2,1,0,2,0,1,0,60.248270,25.010517
401,3,4.0,2,1,0,3,0,0,0,60.238732,24.913037
402,3,4.0,2,1,0,2,0,0,1,60.195254,25.038376
403,3,4.0,2,1,0,2,1,0,0,60.207094,25.151246
404,3,4.0,2,1,0,2,1,0,0,60.186358,24.967860
405,3,4.0,2,1,0,3,0,0,0,60.232089,24.853586
406,3,4.0,2,1,0,2,1,0,0,60.186662,24.977120
407,3,4.0,2,1,0,1,2,0,0,60.191131,25.025227
408,3,4.0,2,1,0,0,2,1,0,60.170980,24.935677
409,3,4.0,2,1,0,2,0,1,0,60.229171,24.922481
410,3,4.0,2,1,0,0,0,3,0,60.167882,24.955260
411,3,4.0,2,1,0,3,0,0,0,60.241858,24.937330
412,3,4.0,2,1,0,3,0,0,0,60.206662,24.928215
413,3,4.0,2,1,0,2,0,0,1,60.184440,24.931697
414,3,4.0,2,1,0,3,0,0,0,60.162900,24.903638
415,3,4.0,2,1,0,2,0,0,1,60.182946,24.962833
416,3,4.0,2,1,0,3,0,0,0,60.216147,24.968468
417,3,4.0,2,1,0,3,0,0,0,60.217061,24.976579
418,3,4.0,2,1,0,3,0,0,0,60.187413,24.935016
419,3,4.0,2,1,0,1,0,1,1,60.260426,25.085159
420,3,4.0,2,1,0,1,1,0,1,60.217180,24.952870
421,3,4.0,2,1,0,2,0,0,1,60.205412,25.118880
422,3,4.0,2,1,0,2,0,1,0,60.198821,24.927407
423,3,4.0,2,1,0,2,1,0,0,60.207993,24.902586
424,3,4.0,2,1,0,2,1,0,0,60.246716,24.851226
425,3,4.0,2,1,0,3,0,0,0,60.238448,24.911086
426,3,4.0,2,1,0,3,0,0,0,60.192071,24.910167
427,2,4.0,0,2,0,0,1,1,0,60.183636,25.050268
428,2,4.0,0,2,0,1,0,1,0,60.211782,25.081060
429,2,4.0,0,2,0,1,0,1,0,60.194403,24.904279
430,2,4.0,0,2,0,1,1,0,0,60.238482,24.976889
431,2,4.0,0,2,0,1,0,0,1,60.237051,25.045887
432,2,4.0,0,2,0,1,0,0,1,60.167734,24.959805
433,2,4.0,0,2,0,1,0,1,0,60.272380,25.075145
434,2,4.0,0,2,0,2,0,0,0,60.163127,24.945579
435,2,4.0,0,2,0,1,0,0,1,60.191116,24.923969
436,2,4.0,0,2,0,0,0,0,2,60.231552,25.000490
437,2,4.0,0,2,0,0,2,0,0,60.247523,24.923142
438,2,4.0,0,2,0,0,2,0,0,60.191492,25.022888
439,2,4.0,0,2,0,1,1,0,0,60.191446,25.061718
440,2,4.0,0,2,0,0,2,0,0,60.273471,25.044718
441,2,4.0,0,2,0,1,0,1,0,60.237071,24.928906
442,2,4.0,0,2,0,0,1,1,0,60.196704,24.927240
443,2,4.0,0,2,0,2,0,0,0,60.209547,24.948585
444,2,4.0,0,2,0,1,0,1,0,60.166992,24.927250
445,2,4.0,0,2,0,1,0,1,0,60.235781,25.126891
446,2,4.0,0,2,0,2,0,0,0,60.208243,25.095908
447,2,4.0,0,2,0,2,0,0,0,60.229862,25.053840
448,2,4.0,0,2,0,0,1,0,1,60.224686,25.017052
449,2,4.0,0,2,0,0,1,1,0,60.204268,25.076326
450,2,4.0,0,2,0,1,1,0,0,60.197530,25.054990
451,2,4.0,0,2,0,0,1,0,1,60.222870,25.077115
452,2,4.0,0,2,0,1,1,0,0,60.284092,25.029495
453,2,4.0,0,2,0,0,1,1,0,60.198964,24.877226
454,2,4.0,0,2,0,0,1,1,0,60.248689,24.997694
455,2,4.0,0,2,0,1,0,1,0,60.197447,24.878832
456,2,4.0,0,2,0,1,1,0,0,60.169432,24.927508
457,2,4.0,0,2,0,2,0,0,0,60.247647,25.000704
458,2,4.0,0,2,0,2,0,0,0,60.216803,24.975543
459,2,4.0,0,2,0,0,1,0,1,60.205481,25.136697
460,2,4.0,0,2,0,0,0,0,2,60.253585,24.939130
461,2,4.0,0,2,0,0,2,0,0,60.256414,24.937563
462,2,4.0,0,2,0,1,1,0,0,60.179177,24.912779
463,2,4.0,0,2,0,0,0,2,0,60.235186,25.020992
464,2,4.0,0,2,0,0,0,2,0,60.192537,25.042838
465,2,4.0,0,2,0,2,0,0,0,60.214324,24.878869
466,2,4.0,0,2,0,2,0,0,0,60.212346,24.955589
467,2,4.0,0,2,0,0,1,0,1,60.189497,24.950700
468,2,4.0,0,2,0,0,1,1,0,60.175112,24.959051
469,2,4.0,0,2,0,0,1,1,0,60.187931,24.920634
470,2,4.0,0,2,0,1,0,1,0,60.248115,24.891268
471,2,4.0,0,2,0,0,1,1,0,60.224921,24.967764
472,1,4.0,0,0,1,0,0,1,0,60.237168,24.927866
473,1,4.0,0,0,1,0,0,1,0,60.246518,25.083004
474,1,4.0,0,0,1,0,0,1,0,60.224312,24.937585
475,1,4.0,0,0,1,0,0,1,0,60.215994,24.898422
476,1,4.0,0,0,1,0,1,0,0,60.232185,25.113069
477,1,4.0,0,0,1,0,0,1,0,60.234466,25.016807
478,1,4.0,0,0,1,1,0,0,0,60.193644,24.979397
479,1,4.0,0,0,1,1,0,0,0,60.256069,25.030611
480,1,4.0,0,0,1,0,0,0,1,60.149891,24.913239
481,1,4.0,0,0,1,0,0,1,0,60.238932,24.999709
482,1,4.0,0,0,1,0,0,1,0,60.159160,24.907502
483,1,4.0,0,0,1,1,0,0,0,60.247243,25.084871
484,1,4.0,0,0,1,0,0,1,0,60.208304,25.146434
485,1,4.0,0,0,1,0,0,1,0,60.231917,24.853143
486,1,4.0,0,0,1,1,0,0,0,60.281676,25.018218
487,1,4.0,0,0,1,1,0,0,0,60.156346,24.957932
488,3,3.0,3,0,0,3,0,0,0,60.219244,24.881324
489,3,3.0,3,0,0,3,0,0,0,60.200654,24.944976
490,3,3.0,3,0,0,3,0,0,0,60.208913,25.093361
491,3,3.0,3,0,0,3,0,0,0,60.191339,24.901135
492,3,3.0,3,0,0,3,0,0,0,60.203132,25.142459
493,3,3.0,3,0,0,3,0,0,0,60.241360,24.938475
494,3,3.0,3,0,0,3,0,0,0,60.205659,25.046803
495,3,3.0,3,0,0,3,0,0,0,60.181506,24.960811
496,3,3.0,3,0,0,3,0,0,0,60.237437,25.043085
497,3,3.0,3,0,0,3,0,0,0,60.207043,24.882825
498,3,3.0,3,0,0,3,0,0,0,60.192192,24.951767
499,3,3.0,3,0,0,3,0,0,0,60.207129,24.939043
500,3,3.0,3,0,0,3,0,0,0,60.202981,24.969441
501,3,3.0,3,0,0,3,0,0,0,60.208833,24.914861
502,3,3.0,3,0,0,3,0,0,0,60.170485,24.943413
503,3,3.0,3,0,0,3,0,0,0,60.196983,24.950930
504,3,3.0,3,0,0,3,0,0,0,60.194356,24.947148
505,3,3.0,3,0,0,3,0,0,0,60.238585,24.896746
506,3,3.0,3,0,0,3,0,0,0,60.254580,24.953728
507,3,3.0,3,0,0,3,0,0,0,60.244127,25.054438
508,3,3.0,3,0,0,3,0,0,0,60.183188,24.952748
509,3,3.0,3,0,0,3,0,0,0,60.239530,24.918934
510,3,3.0,3,0,0,3,0,0,0,60.235095,24.874507
511,3,3.0,3,0,0,3,0,0,0,60.213464,24.883376
512,3,3.0,3,0,0,2,0,1,0,60.237683,24.853421
513,3,3.0,3,0,0,3,0,0,0,60.228262,25.070844
514,3,3.0,3,0,0,2,1,0,0,60.249614,24.865130
515,3,3.0,3,0,0,2,0,0,1,60.195629,24.929880
516,3,3.0,3,0,0,3,0,0,0,60.226582,24.998992
517,3,3.0,3,0,0,3,0,0,0,60.242781,24.974842
518,3,3.0,3,0,0,3,0,0,0,60.183213,24.924977
519,3,3.0,3,0,0,2,1,0,0,60.165145,24.952737
520,3,3.0,3,0,0,3,0,0,0,60.234679,24.894429
521,3,3.0,3,0,0,3,0,0,0,60.228379,25.007130
522,3,3.0,3,0,0,3,0,0,0,60.255144,25.081222
523,3,3.0,3,0,0,3,0,0,0,60.213891,24.881448
524,3,3.0,3,0,0,3,0,0,0,60.182541,24.956944
525,3,3.0,3,0,0,3,0,0,0,60.244438,24.964669
526,3,3.0,3,0,0,3,0,0,0,60.234721,24.869129
527,3,3.0,3,0,0,3,0,0,0,60.198056,24.948848
528,3,3.0,3,0,0,3,0,0,0,60.157619,24.940647
529,3,3.0,3,0,0,3,0,0,0,60.247630,25.010949
530,3,3.0,3,0,0,3,0,0,0,60.205591,24.877102
531,3,3.0,3,0,0,3,0,0,0,60.241523,24.978947
532,3,3.0,3,0,0,3,0,0,0,60.207057,25.051184
533,3,3.0,3,0,0,3,0,0,0,60.206825,25.142606
534,3,3.0,3,0,0,3,0,0,0,60.221296,25.078887
535,3,3.0,3,0,0,3,0,0,0,60.219104,25.106369
536,3,3.0,3,0,0,3,0,0,0,60.204649,24.926923
537,3,3.0,3,0,0,3,0,0,0,60.164432,24.915103
538,3,3.0,3,0,0,3,0,0,0,60.242100,24.843236
539,3,3.0,3,0,0,3,0,0,0,60.219917,24.862559
540,3,3.0,3,0,0,3,0,0,0,60.208614,25.055612
541,3,3.0,3,0,0,3,0,0,0,60.179052,24.923202
542,3,3.0,3,0,0,3,0,0,0,60.227050,24.904970
543,3,3.0,3,0,0,3,0,0,0,60.166877,24.898485
544,3,3.0,3,0,0,2,0,0,1,60.282872,25.027394
545,3,3.0,3,0,0,3,0,0,0,60.166360,24.938690
546,3,3.0,3,0,0,3,0,0,0,60.207516,25.148530
547,3,3.0,3,0,0,3,0,0,0,60.211412,25.085467
548,3,3.0,3,0,0,2,1,0,0,60.234192,24.966362
549,3,3.0,3,0,0,3,0,0,0,60.155379,24.920714
550,3,3.0,3,0,0,2,0,0,1,60.224645,24.897321
551,2,3.0,1,1,0,1,0,1,0,60.179521,24.955379
552,2,3.0,1,1,0,1,0,1,0,60.196407,24.943019
553,2,3.0,1,1,0,0,1,1,0,60.243353,25.032570
554,2,3.0,1,1,0,0,0,2,0,60.161519,24.927395
555,2,3.0,1,1,0,0,1,1,0,60.203011,24.966740
556,2,3.0,1,1,0,1,0,1,0,60.190793,24.958672
557,2,3.0,1,1,0,1,1,0,0,60.240213,24.873683
558,2,3.0,1,1,0,1,0,1,0,60.236137,25.082191
559,2,3.0,1,1,0,2,0,0,0,60.236365,24.903510
560,2,3.0,1,1,0,2,0,0,0,60.209121,24.975757
561,2,3.0,1,1,0,2,0,0,0,60.217223,24.973076
562,2,3.0,1,1,0,2,0,0,0,60.193252,24.907189
563,2,3.0,1,1,0,2,0,0,0,60.213203,24.958979
564,2,3.0,1,1,0,1,1,0,0,60.236193,25.085382
565,2,3.0,1,1,0,2,0,0,0,60.236355,24.904362
566,2,3.0,1,1,0,2,0,0,0,60.174815,25.041099
567,2,3.0,1,1,0,1,0,0,1,60.192296,25.021943
568,2,3.0,1,1,0,2,0,0,0,60.221360,24.990966
569,2,3.0,1,1,0,2,0,0,0,60.242213,24.977088
570,2,3.0,1,1,0,2,0,0,0,60.231285,24.903438
571,2,3.0,1,1,0,1,0,0,1,60.256783,24.958891
572,2,3.0,1,1,0,2,0,0,0,60.162981,24.933255
573,2,3.0,1,1,0,1,1,0,0,60.218919,24.900112
574,2,3.0,1,1,0,2,0,0,0,60.153963,24.876373
575,2,3.0,1,1,0,1,0,1,0,60.238596,25.076449
576,2,3.0,1,1,0,1,0,1,0,60.238562,24.847107
577,2,3.0,1,1,0,2,0,0,0,60.176898,24.957397
578,2,3.0,1,1,0,2,0,0,0,60.168681,24.921026
579,2,3.0,1,1,0,2,0,0,0,60.266654,25.078511
580,2,3.0,1,1,0,2,0,0,0,60.152603,24.917412
581,2,3.0,1,1,0,2,0,0,0,60.216179,24.967844
582,2,3.0,1,1,0,2,0,0,0,60.230849,24.882947
583,2,3.0,1,1,0,2,0,0,0,60.244729,24.953144
584,2,3.0,1,1,0,2,0,0,0,60.242017,24.987280
585,2,3.0,1,1,0,1,1,0,0,60.254919,24.949190
586,2,3.0,1,1,0,1,0,1,0,60.170924,24.940421
587,2,3.0,1,1,0,1,1,0,0,60.246584,24.870583
588,2,3.0,1,1,0,1,0,0,1,60.254641,24.981378
589,2,3.0,1,1,0,1,1,0,0,60.196899,24.958578
590,2,3.0,1,1,0,1,0,0,1,60.209158,25.080134
591,2,3.0,1,1,0,1,0,0,1,60.263080,24.885208
592,2,3.0,1,1,0,1,1,0,0,60.155350,24.934967
593,2,3.0,1,1,0,1,1,0,0,60.219070,24.873530
594,2,3.0,1,1,0,1,1,0,0,60.188954,25.008362
595,2,3.0,1,1,0,1,0,1,0,60.171087,24.956739
596,2,3.0,1,1,0,1,0,1,0,60.173130,24.949045
597,2,3.0,1,1,0,1,0,1,0,60.230261,25.009594
598,2,3.0,1,1,0,1,0,1,0,60.159265,24.932490
599,2,3.0,1,1,0,1,0,1,0,60.258488,24.994298
600,2,3.0,1,1,0,1,1,0,0,60.187162,24.980823
601,2,3.0,1,1,0,2,0,0,0,60.259745,24.961191
602,2,3.0,1,1,0,2,0,0,0,60.183904,24.931811
603,2,3.0,1,1,0,1,0,1,0,60.216672,24.907342
604,2,3.0,1,1,0,2,0,0,0,60.229229,25.133824
605,2,3.0,1,1,0,2,0,0,0,60.164586,24.877146
606,2,3.0,1,1,0,2,0,0,0,60.262960,24.966970
607,2,3.0,1,1,0,2,0,0,0,60.195844,24.888213
608,2,3.0,1,1,0,2,0,0,0,60.247429,25.060575
609,2,3.0,1,1,0,2,0,0,0,60.195089,24.945197
610,2,3.0,1,1,0,2,0,0,0,60.261185,24.964204
611,2,3.0,1,1,0,1,0,0,1,60.277636,25.035038
612,2,3.0,1,1,0,1,1,0,0,60.227189,25.007032
613,2,3.0,1,1,0,1,0,1,0,60.159351,24.961232
614,2,3.0,1,1,0,2,0,0,0,60.242177,24.939333
615,2,3.0,1,1,0,2,0,0,0,60.217516,25.102861
616,2,3.0,1,1,0,2,0,0,0,60.261581,25.079149
617,2,3.0,1,1,0,2,0,0,0,60.214627,25.092927
618,2,3.0,1,1,0,1,1,0,0,60.212202,24.900893
619,2,3.0,1,1,0,1,1,0,0,60.219725,24.912312
620,2,3.0,1,1,0,2,0,0,0,60.204785,25.145696
621,2,3.0,1,1,0,1,1,0,0,60.208734,25.084459
622,2,3.0,1,1,0,1,0,1,0,60.246464,24.976437
623,2,3.0,1,1,0,1,0,0,1,60.189166,25.012505
624,2,3.0,1,1,0,2,0,0,0,60.165162,24.941060
625,2,3.0,1,1,0,1,0,0,1,60.243034,24.888786
626,2,3.0,1,1,0,2,0,0,0,60.201503,25.043706
627,2,3.0,1,1,0,1,0,0,1,60.188900,24.956314
628,2,3.0,1,1,0,2,0,0,0,60.202879,24.926324
629,2,3.0,1,1,0,1,0,0,1,60.164479,24.916152
630,2,3.0,1,1,0,0,1,0,1,60.227834,25.067322
631,2,3.0,1,1,0,1,1,0,0,60.186999,24.952883
632,2,3.0,1,1,0,1,1,0,0,60.161366,24.941361
633,2,3.0,1,1,0,1,1,0,0,60.196669,24.897288
634,2,3.0,1,1,0,1,1,0,0,60.267272,24.993439
635,2,3.0,1,1,0,0,2,0,0,60.181026,24.952872
636,2,3.0,1,1,0,1,1,0,0,60.161285,24.892156
637,2,3.0,1,1,0,1,1,0,0,60.279385,25.014951
638,2,3.0,1,1,0,0,1,0,1,60.232805,24.846415
639,2,3.0,1,1,0,0,2,0,0,60.230722,24.966862
640,2,3.0,1,1,0,0,0,1,1,60.206873,25.112385
641,2,3.0,1,1,0,0,1,1,0,60.252577,25.005287
642,2,3.0,1,1,0,1,0,1,0,60.191840,24.961480
643,2,3.0,1,1,0,1,0,1,0,60.210261,24.950419
644,2,3.0,1,1,0,2,0,0,0,60.230291,24.844856
645,2,3.0,1,1,0,2,0,0,0,60.206810,25.136505
646,2,3.0,1,1,0,2,0,0,0,60.205139,24.895765
647,2,3.0,1,1,0,2,0,0,0,60.241653,25.019112
648,2,3.0,1,1,0,2,0,0,0,60.268380,25.080686
649,2,3.0,1,1,0,2,0,0,0,60.191402,24.899672
650,2,3.0,1,1,0,2,0,0,0,60.230576,25.078195
651,2,3.0,1,1,0,2,0,0,0,60.231866,25.114703
652,2,3.0,1,1,0,2,0,0,0,60.237280,24.855033
653,2,3.0,1,1,0,2,0,0,0,60.223721,24.863195
654,2,3.0,1,1,0,1,0,1,0,60.195724,24.882939
655,2,3.0,1,1,0,2,0,0,0,60.231046,25.087183
656,2,3.0,1,1,0,1,1,0,0,60.258589,25.083630
657,2,3.0,1,1,0,1,1,0,0,60.277901,25.005868
658,2,3.0,1,1,0,2,0,0,0,60.158248,24.886240
659,2,3.0,1,1,0,2,0,0,0,60.194924,24.958837
660,2,3.0,1,1,0,2,0,0,0,60.176634,24.930645
661,2,3.0,1,1,0,2,0,0,0,60.252953,25.079532
662,2,3.0,1,1,0,1,1,0,0,60.188286,24.959024
663,2,3.0,1,1,0,2,0,0,0,60.165767,24.951259
664,2,3.0,1,1,0,1,1,0,0,60.279343,25.028605
665,2,3.0,1,1,0,2,0,0,0,60.164494,24.878954
666,2,3.0,1,1,0,1,0,0,1,60.280501,25.011118
667,2,3.0,1,1,0,2,0,0,0,60.238846,25.137397
668,2,3.0,1,1,0,1,0,1,0,60.173227,24.928474
669,2,3.0,1,1,0,2,0,0,0,60.255896,25.020646
670,2,3.0,1,1,0,2,0,0,0,60.239720,25.046917
671,2,3.0,1,1,0,2,0,0,0,60.153873,24.879455
672,2,3.0,1,1,0,1,1,0,0,60.185419,24.946803
673,2,3.0,1,1,0,1,0,0,1,60.154399,24.940708
674,2,3.0,1,1,0,1,1,0,0,60.250839,24.854892
675,2,3.0,1,1,0,1,1,0,0,60.204691,24.965567
676,2,3.0,1,1,0,1,0,1,0,60.167036,24.929805
677,2,3.0,1,1,0,1,0,1,0,60.219424,24.949113
678,2,3.0,1,1,0,2,0,0,0,60.232399,25.011541
679,2,3.0,1,1,0,2,0,0,0,60.214932,25.044724
680,2,3.0,1,1,0,2,0,0,0,60.206256,24.932868
681,2,3.0,1,1,0,1,0,1,0,60.179637,24.916122
682,2,3.0,1,1,0,2,0,0,0,60.241530,24.931262
683,2,3.0,1,1,0,2,0,0,0,60.269709,25.072907
684,2,3.0,1,1,0,1,0,0,1,60.168525,24.941183
685,2,3.0,1,1,0,1,0,0,1,60.176720,24.917827
686,2,3.0,1,1,0,1,1,0,0,60.204220,24.870770
687,2,3.0,1,1,0,1,1,0,0,60.221627,25.057884
688,2,3.0,1,1,0,2,0,0,0,60.239014,25.039431
689,2,3.0,1,1,0,0,2,0,0,60.192892,24.882782
690,2,2.0,2,0,0,1,0,1,0,60.194820,25.029817
691,2,2.0,2,0,0,1,0,1,0,60.169533,24.951465
692,2,2.0,2,0,0,2,0,0,0,60.265420,25.205322
693,2,2.0,2,0,0,2,0,0,0,60.229378,24.905492
694,2,2.0,2,0,0,2,0,0,0,60.229955,24.946252
695,2,2.0,2,0,0,2,0,0,0,60.192310,24.936457
696,2,2.0,2,0,0,2,0,0,0,60.250892,24.981423
697,2,2.0,2,0,0,2,0,0,0,60.266386,25.209378
698,2,2.0,2,0,0,2,0,0,0,60.208112,24.904984
699,2,2.0,2,0,0,2,0,0,0,60.179814,24.958468
700,2,2.0,2,0,0,2,0,0,0,60.244321,24.966964
701,2,2.0,2,0,0,2,0,0,0,60.243425,25.015235
702,2,2.0,2,0,0,2,0,0,0,60.205611,24.878366
703,2,2.0,2,0,0,2,0,0,0,60.214075,25.080771
704,2,2.0,2,0,0,1,1,0,0,60.231057,24.937018
705,2,2.0,2,0,0,2,0,0,0,60.199584,24.945653
706,2,2.0,2,0,0,2,0,0,0,60.241563,24.893836
707,2,2.0,2,0,0,2,0,0,0,60.209300,24.963324
708,2,2.0,2,0,0,2,0,0,0,60.211194,24.900475
709,2,2.0,2,0,0,2,0,0,0,60.160456,24.938713
710,2,2.0,2,0,0,2,0,0,0,60.224957,25.081086
711,2,2.0,2,0,0,2,0,0,0,60.171280,24.960326
712,2,2.0,2,0,0,1,1,0,0,60.191368,25.034589
713,2,2.0,2,0,0,2,0,0,0,60.211471,25.093732
714,2,2.0,2,0,0,2,0,0,0,60.221090,24.910553
715,2,2.0,2,0,0,2,0,0,0,60.169501,24.937570
716,2,2.0,2,0,0,2,0,0,0,60.228713,25.076371
717,2,2.0,2,0,0,2,0,0,0,60.166674,24.897213
718,2,2.0,2,0,0,2,0,0,0,60.183319,24.917691
719,2,2.0,2,0,0,2,0,0,0,60.229841,25.056908
720,2,2.0,2,0,0,2,0,0,0,60.201014,25.117269
721,2,2.0,2,0,0,2,0,0,0,60.229856,24.839074
722,2,2.0,2,0,0,2,0,0,0,60.241958,24.934503
723,2,2.0,2,0,0,2,0,0,0,60.229209,25.125033
724,2,2.0,2,0,0,2,0,0,0,60.222124,25.111745
725,2,2.0,2,0,0,2,0,0,0,60.283381,25.023288
726,2,2.0,2,0,0,2,0,0,0,60.217029,24.889361
727,2,2.0,2,0,0,2,0,0,0,60.238849,25.086830
728,2,2.0,2,0,0,2,0,0,0,60.255454,24.982819
729,2,2.0,2,0,0,2,0,0,0,60.243443,24.944789
730,2,2.0,2,0,0,2,0,0,0,60.239941,24.920670
731,2,2.0,2,0,0,2,0,0,0,60.270265,25.219345
732,2,2.0,2,0,0,2,0,0,0,60.188467,24.945464
733,2,2.0,2,0,0,1,1,0,0,60.196132,24.936234
734,2,2.0,2,0,0,2,0,0,0,60.227751,25.122695
735,2,2.0,2,0,0,1,0,1,0,60.192241,25.039738
736,2,2.0,2,0,0,2,0,0,0,60.253686,25.083095
737,2,2.0,2,0,0,2,0,0,0,60.235236,25.010488
738,2,2.0,2,0,0,2,0,0,0,60.220482,24.923489
739,2,2.0,2,0,0,2,0,0,0,60.208704,24.929403
740,2,2.0,2,0,0,2,0,0,0,60.201138,24.925496
741,2,2.0,2,0,0,1,0,0,1,60.207014,25.075471
742,2,2.0,2,0,0,2,0,0,0,60.241611,25.027169
743,2,2.0,2,0,0,2,0,0,0,60.184973,24.959239
744,2,2.0,2,0,0,2,0,0,0,60.167946,24.967372
745,2,2.0,2,0,0,2,0,0,0,60.254925,24.951144
746,2,2.0,2,0,0,1,0,0,1,60.161904,24.922644
747,2,2.0,2,0,0,1,0,0,1,60.213133,24.884678
748,2,2.0,2,0,0,1,1,0,0,60.189183,24.975245
749,2,2.0,2,0,0,0,2,0,0,60.243143,24.959146
750,2,2.0,2,0,0,1,1,0,0,60.256792,24.998198
751,2,2.0,2,0,0,0,1,0,1,60.267259,24.990948
752,2,2.0,2,0,0,2,0,0,0,60.228592,25.008834
753,2,2.0,2,0,0,1,1,0,0,60.238506,25.078330
754,2,2.0,2,0,0,2,0,0,0,60.165120,24.908453
755,2,2.0,2,0,0,2,0,0,0,60.244644,24.955115
756,2,2.0,2,0,0,2,0,0,0,60.192521,25.041744
757,2,2.0,2,0,0,2,0,0,0,60.195625,24.930048
758,2,2.0,2,0,0,2,0,0,0,60.208559,24.917224
759,2,2.0,2,0,0,2,0,0,0,60.165070,24.949759
760,2,2.0,2,0,0,2,0,0,0,60.165276,24.885124
761,2,2.0,2,0,0,2,0,0,0,60.227290,25.125523
762,2,2.0,2,0,0,2,0,0,0,60.241608,25.017271
763,2,2.0,2,0,0,2,0,0,0,60.230950,24.866760
764,2,2.0,2,0,0,2,0,0,0,60.234424,25.009065
765,2,2.0,2,0,0,2,0,0,0,60.241362,25.108211
766,2,2.0,2,0,0,1,1,0,0,60.241831,24.843039
767,2,2.0,2,0,0,1,1,0,0,60.195064,24.974961
768,2,2.0,2,0,0,2,0,0,0,60.181145,24.850844
769,2,2.0,2,0,0,2,0,0,0,60.261657,24.891836
770,2,2.0,2,0,0,2,0,0,0,60.244885,24.950431
771,2,2.0,2,0,0,2,0,0,0,60.155041,24.945218
772,2,2.0,2,0,0,2,0,0,0,60.154256,24.942751
773,2,2.0,2,0,0,2,0,0,0,60.234747,24.871042
774,2,2.0,2,0,0,2,0,0,0,60.212261,24.969831
775,2,2.0,2,0,0,2,0,0,0,60.235239,25.092363
776,2,2.0,2,0,0,2,0,0,0,60.274578,25.019336
777,2,2.0,2,0,0,2,0,0,0,60.164976,24.882320
778,2,2.0,2,0,0,2,0,0,0,60.208470,24.966165
779,2,2.0,2,0,0,2,0,0,0,60.176928,24.929521
780,2,2.0,2,0,0,2,0,0,0,60.248904,24.958104
781,2,2.0,2,0,0,2,0,0,0,60.202245,24.944940
782,2,2.0,2,0,0,2,0,0,0,60.165700,24.931273
783,2,2.0,2,0,0,2,0,0,0,60.232569,24.958661
784,2,2.0,2,0,0,2,0,0,0,60.251606,24.982139
785,2,2.0,2,0,0,2,0,0,0,60.234603,24.873185
786,2,2.0,2,0,0,2,0,0,0,60.224035,25.173806
787,2,2.0,2,0,0,2,0,0,0,60.195448,24.936073
788,2,2.0,2,0,0,2,0,0,0,60.230857,25.127423
789,2,2.0,2,0,0,1,1,0,0,60.192834,24.932865
790,2,2.0,2,0,0,1,1,0,0,60.201079,24.882394
791,2,2.0,2,0,0,1,0,1,0,60.155399,24.915026
792,2,2.0,2,0,0,1,0,1,0,60.209340,25.077297
793,2,2.0,2,0,0,1,0,1,0,60.173032,24.938862
794,2,2.0,2,0,0,2,0,0,0,60.196106,24.941090
795,2,2.0,2,0,0,2,0,0,0,60.264818,24.976897
796,2,2.0,2,0,0,2,0,0,0,60.243797,24.970312
797,2,2.0,2,0,0,2,0,0,0,60.183024,24.947290
798,2,2.0,2,0,0,2,0,0,0,60.173225,24.958340
799,2,2.0,2,0,0,2,0,0,0,60.190619,25.039963
800,2,2.0,2,0,0,2,0,0,0,60.173907,24.933443
801,2,2.0,2,0,0,2,0,0,0,60.253217,25.184579
802,2,2.0,2,0,0,2,0,0,0,60.195377,24.960819
803,2,2.0,2,0,0,2,0,0,0,60.180971,24.954293
804,2,2.0,2,0,0,2,0,0,0,60.217072,24.870278
805,2,2.0,2,0,0,2,0,0,0,60.188497,25.011077
806,2,2.0,2,0,0,2,0,0,0,60.221422,24.944651
807,2,2.0,2,0,0,2,0,0,0,60.225906,25.167682
808,2,2.0,2,0,0,2,0,0,0,60.175126,24.929124
809,2,2.0,2,0,0,2,0,0,0,60.226697,25.102522
810,2,2.0,2,0,0,2,0,0,0,60.233791,24.860896
811,2,2.0,2,0,0,2,0,0,0,60.251324,25.011164
812,2,2.0,2,0,0,2,0,0,0,60.202692,25.045468
813,2,2.0,2,0,0,1,1,0,0,60.176906,24.921430
814,2,2.0,2,0,0,2,0,0,0,60.193703,24.893656
815,2,2.0,2,0,0,2,0,0,0,60.261641,25.006805
816,2,2.0,2,0,0,2,0,0,0,60.167899,24.965190
817,2,2.0,2,0,0,2,0,0,0,60.205265,25.044905
818,2,2.0,2,0,0,1,1,0,0,60.271423,25.045381
819,2,2.0,2,0,0,2,0,0,0,60.236739,24.878040
820,2,2.0,2,0,0,2,0,0,0,60.202472,24.864982
821,2,2.0,2,0,0,2,0,0,0,60.237112,25.102679
822,2,2.0,2,0,0,2,0,0,0,60.186020,24.940724
823,2,2.0,2,0,0,1,1,0,0,60.208939,25.072567
824,2,2.0,2,0,0,2,0,0,0,60.161441,24.878432
825,2,2.0,2,0,0,2,0,0,0,60.219949,24.979183
826,2,2.0,2,0,0,2,0,0,0,60.227134,25.121063
827,2,2.0,2,0,0,1,1,0,0,60.194478,24.893055
828,2,2.0,2,0,0,2,0,0,0,60.223825,24.933401
829,2,2.0,2,0,0,2,0,0,0,60.251807,25.082510
830,2,2.0,2,0,0,2,0,0,0,60.241331,25.029015
831,2,2.0,2,0,0,2,0,0,0,60.223799,25.114795
832,2,2.0,2,0,0,2,0,0,0,60.234592,24.883351
833,2,2.0,2,0,0,2,0,0,0,60.218775,24.977340
834,2,2.0,2,0,0,2,0,0,0,60.240928,24.840708
835,2,2.0,2,0,0,1,0,1,0,60.165022,24.858369
836,2,2.0,2,0,0,2,0,0,0,60.161405,24.925427
837,2,2.0,2,0,0,2,0,0,0,60.230805,24.848659
838,2,2.0,2,0,0,2,0,0,0,60.240715,24.924331
839,2,2.0,2,0,0,2,0,0,0,60.250477,25.062928
840,1,2.0,0,1,0,0,0,1,0,60.253659,25.012228
841,1,2.0,0,1,0,0,0,1,0,60.245613,24.898019
842,1,2.0,0,1,0,0,0,1,0,60.210016,25.075611
843,1,2.0,0,1,0,0,0,1,0,60.161532,24.915707
844,1,2.0,0,1,0,0,0,1,0,60.165752,24.889581
845,1,2.0,0,1,0,0,0,1,0,60.158638,24.950174
846,1,2.0,0,1,0,0,0,1,0,60.263880,25.009736
847,1,2.0,0,1,0,0,0,1,0,60.238301,24.885415
848,1,2.0,0,1,0,0,0,1,0,60.203921,24.873761
849,1,2.0,0,1,0,0,0,1,0,60.170708,24.950743
850,1,2.0,0,1,0,1,0,0,0,60.207795,25.062976
851,1,2.0,0,1,0,1,0,0,0,60.259805,25.209223
852,1,2.0,0,1,0,1,0,0,0,60.185366,24.921872
853,1,2.0,0,1,0,1,0,0,0,60.229728,24.837975
854,1,2.0,0,1,0,1,0,0,0,60.226354,24.977586
855,1,2.0,0,1,0,1,0,0,0,60.206975,24.914838
856,1,2.0,0,1,0,1,0,0,0,60.209709,25.053539
857,1,2.0,0,1,0,1,0,0,0,60.167840,24.949447
858,1,2.0,0,1,0,1,0,0,0,60.207544,24.940385
859,1,2.0,0,1,0,1,0,0,0,60.241230,24.871131
860,1,2.0,0,1,0,1,0,0,0,60.250317,24.833865
861,1,2.0,0,1,0,1,0,0,0,60.169115,24.922797
862,1,2.0,0,1,0,1,0,0,0,60.261881,25.165753
863,1,2.0,0,1,0,1,0,0,0,60.179114,24.977287
864,1,2.0,0,1,0,1,0,0,0,60.162921,24.860609
865,1,2.0,0,1,0,1,0,0,0,60.224190,24.859262
866,1,2.0,0,1,0,1,0,0,0,60.190680,24.914563
867,1,2.0,0,1,0,1,0,0,0,60.205749,25.135405
868,1,2.0,0,1,0,1,0,0,0,60.192803,24.896214
869,1,2.0,0,1,0,1,0,0,0,60.228320,24.876466
870,1,2.0,0,1,0,1,0,0,0,60.234140,25.047206
871,1,2.0,0,1,0,1,0,0,0,60.189769,24.884409
872,1,2.0,0,1,0,1,0,0,0,60.168798,24.965375
873,1,2.0,0,1,0,1,0,0,0,60.251568,24.993502
874,1,2.0,0,1,0,1,0,0,0,60.188252,25.041189
875,1,2.0,0,1,0,1,0,0,0,60.207844,24.967929
876,1,2.0,0,1,0,0,0,0,1,60.251029,24.879074
877,1,2.0,0,1,0,0,0,0,1,60.163381,24.857792
878,1,2.0,0,1,0,0,0,0,1,60.236853,25.007206
879,1,2.0,0,1,0,0,0,0,1,60.224322,25.014035
880,1,2.0,0,1,0,0,1,0,0,60.239180,24.888087
881,1,2.0,0,1,0,0,1,0,0,60.215133,25.057858
882,1,2.0,0,1,0,0,1,0,0,60.224078,24.866325
883,1,2.0,0,1,0,0,1,0,0,60.160742,24.877819
884,1,2.0,0,1,0,0,1,0,0,60.172023,24.944912
885,1,2.0,0,1,0,0,1,0,0,60.241636,24.959493
886,1,2.0,0,1,0,0,1,0,0,60.193915,25.030432
887,1,2.0,0,1,0,0,1,0,0,60.186314,25.043905
888,1,2.0,0,1,0,0,1,0,0,60.160485,24.916729
889,1,2.0,0,1,0,0,1,0,0,60.219058,24.961640
890,1,2.0,0,1,0,0,1,0,0,60.161677,24.869041
891,1,2.0,0,1,0,0,1,0,0,60.286158,25.014456
892,1,2.0,0,1,0,0,0,1,0,60.254815,25.026701
893,1,2.0,0,1,0,0,0,1,0,60.252502,24.918962
894,1,2.0,0,1,0,0,0,1,0,60.158128,24.944636
895,1,2.0,0,1,0,0,0,1,0,60.269560,25.021252
896,1,2.0,0,1,0,0,0,1,0,60.181683,24.974861
897,1,2.0,0,1,0,0,0,1,0,60.215917,24.953547
898,1,2.0,0,1,0,0,0,1,0,60.168893,24.963160
899,1,2.0,0,1,0,0,0,1,0,60.227005,24.924602
900,1,2.0,0,1,0,0,0,1,0,60.211782,25.094749
901,1,2.0,0,1,0,0,0,1,0,60.220753,24.930308
902,1,2.0,0,1,0,0,0,1,0,60.203711,25.144392
903,1,2.0,0,1,0,0,0,1,0,60.219390,24.955331
904,1,2.0,0,1,0,0,0,1,0,60.239764,25.073413
905,1,2.0,0,1,0,0,0,1,0,60.226631,24.853808
906,1,2.0,0,1,0,1,0,0,0,60.258547,24.959513
907,1,2.0,0,1,0,1,0,0,0,60.236889,25.122779
908,1,2.0,0,1,0,1,0,0,0,60.169080,25.027705
909,1,2.0,0,1,0,1,0,0,0,60.163300,25.062986
910,1,2.0,0,1,0,1,0,0,0,60.198700,24.938584
911,1,2.0,0,1,0,1,0,0,0,60.193736,24.958958
912,1,2.0,0,1,0,1,0,0,0,60.210805,25.057061
913,1,2.0,0,1,0,1,0,0,0,60.204978,24.970642
914,1,2.0,0,1,0,1,0,0,0,60.181870,24.920875
915,1,2.0,0,1,0,1,0,0,0,60.190309,24.966951
916,1,2.0,0,1,0,1,0,0,0,60.264136,25.051871
917,1,2.0,0,1,0,1,0,0,0,60.241140,24.977673
918,1,2.0,0,1,0,1,0,0,0,60.252335,24.930553
919,1,2.0,0,1,0,1,0,0,0,60.220051,24.919928
920,1,2.0,0,1,0,1,0,0,0,60.241453,25.074905
921,1,2.0,0,1,0,1,0,0,0,60.234859,25.064411
922,1,2.0,0,1,0,1,0,0,0,60.222719,24.909086
923,1,2.0,0,1,0,1,0,0,0,60.264445,24.985840
924,1,2.0,0,1,0,1,0,0,0,60.180458,24.916017
925,1,2.0,0,1,0,1,0,0,0,60.192897,24.977953
926,1,2.0,0,1,0,1,0,0,0,60.248381,24.957821
927,1,2.0,0,1,0,1,0,0,0,60.226809,24.907085
928,1,2.0,0,1,0,0,0,0,1,60.230109,24.842518
929,1,2.0,0,1,0,0,0,0,1,60.234647,25.048174
930,1,2.0,0,1,0,0,0,0,1,60.229217,25.163578
931,1,2.0,0,1,0,0,0,0,1,60.198403,25.031807
932,1,2.0,0,1,0,0,0,0,1,60.237100,25.100013
933,1,2.0,0,1,0,0,0,0,1,60.202605,25.071994
934,1,2.0,0,1,0,0,0,0,1,60.210025,24.968513
935,1,2.0,0,1,0,0,0,0,1,60.261428,25.039794
936,1,2.0,0,1,0,0,0,0,1,60.245766,25.080285
937,1,2.0,0,1,0,0,1,0,0,60.234590,24.965937
938,1,2.0,0,1,0,0,1,0,0,60.253971,24.954381
939,1,2.0,0,1,0,0,1,0,0,60.223530,25.082028
940,1,2.0,0,1,0,0,1,0,0,60.196392,24.974840
941,1,2.0,0,1,0,0,1,0,0,60.172997,24.906723
942,1,2.0,0,1,0,0,1,0,0,60.170151,24.860952
943,1,2.0,0,1,0,0,1,0,0,60.239128,24.857370
944,1,2.0,0,1,0,0,1,0,0,60.185585,24.990180
945,1,2.0,0,1,0,0,1,0,0,60.232674,25.047974
946,1,2.0,0,1,0,0,1,0,0,60.178991,24.854180
947,1,2.0,0,1,0,0,1,0,0,60.239906,24.927868
948,1,2.0,0,1,0,0,1,0,0,60.238008,24.882008
949,1,2.0,0,1,0,0,1,0,0,60.247591,24.952206
950,1,2.0,0,1,0,0,1,0,0,60.247889,25.005110
951,1,2.0,0,1,0,0,1,0,0,60.188549,24.912720
952,1,2.0,0,1,0,0,1,0,0,60.221139,24.939231
953,1,2.0,0,1,0,0,0,1,0,60.279056,25.016493
954,1,2.0,0,1,0,0,0,1,0,60.198469,24.884276
955,1,2.0,0,1,0,0,0,1,0,60.216870,25.147692
956,1,2.0,0,1,0,0,0,1,0,60.230683,24.931675
957,1,2.0,0,1,0,0,0,1,0,60.226929,24.964134
958,1,2.0,0,1,0,0,0,1,0,60.217750,24.963672
959,1,2.0,0,1,0,0,0,1,0,60.157954,24.877009
960,1,2.0,0,1,0,0,0,1,0,60.227324,25.104990
961,1,2.0,0,1,0,0,0,1,0,60.169927,24.953584
962,1,2.0,0,1,0,0,0,1,0,60.167293,24.974038
963,1,2.0,0,1,0,0,0,1,0,60.213458,25.059677
964,1,2.0,0,1,0,1,0,0,0,60.207739,25.059282
965,1,2.0,0,1,0,1,0,0,0,60.281939,25.036680
966,1,2.0,0,1,0,1,0,0,0,60.269855,25.217793
967,1,2.0,0,1,0,1,0,0,0,60.262210,25.077693
968,1,2.0,0,1,0,1,0,0,0,60.199475,24.967552
969,1,2.0,0,1,0,1,0,0,0,60.221605,25.110822
970,1,2.0,0,1,0,1,0,0,0,60.272073,25.231601
971,1,2.0,0,1,0,1,0,0,0,60.219044,24.952077
972,1,2.0,0,1,0,1,0,0,0,60.195424,24.890135
973,1,2.0,0,1,0,1,0,0,0,60.252404,25.069468
974,1,2.0,0,1,0,1,0,0,0,60.225855,25.077655
975,1,2.0,0,1,0,1,0,0,0,60.244995,24.977305
976,1,2.0,0,1,0,1,0,0,0,60.248276,25.004269
977,1,2.0,0,1,0,1,0,0,0,60.176542,25.036840
978,1,2.0,0,1,0,1,0,0,0,60.207964,24.906368
979,1,2.0,0,1,0,1,0,0,0,60.238917,25.085207
980,1,2.0,0,1,0,1,0,0,0,60.165863,24.965408
981,1,2.0,0,1,0,1,0,0,0,60.237593,25.136350
982,1,2.0,0,1,0,1,0,0,0,60.262856,24.965439
983,1,2.0,0,1,0,1,0,0,0,60.160014,24.860542
984,1,2.0,0,1,0,1,0,0,0,60.232091,24.883627
985,1,2.0,0,1,0,1,0,0,0,60.211620,25.137084
986,1,2.0,0,1,0,1,0,0,0,60.219710,24.908405
987,1,2.0,0,1,0,1,0,0,0,60.267623,25.031754
988,1,2.0,0,1,0,1,0,0,0,60.252056,24.906379
989,1,2.0,0,1,0,1,0,0,0,60.274936,25.201978
990,1,2.0,0,1,0,1,0,0,0,60.222475,24.906504
991,1,2.0,0,1,0,1,0,0,0,60.261917,25.173465
992,1,2.0,0,1,0,1,0,0,0,60.157123,24.929862
993,1,2.0,0,1,0,1,0,0,0,60.265095,25.196684
994,1,2.0,0,1,0,0,0,0,1,60.265979,25.015062
995,1,2.0,0,1,0,0,0,0,1,60.221058,25.036032
996,1,2.0,0,1,0,0,0,0,1,60.260429,24.987708
997,1,2.0,0,1,0,0,1,0,0,60.167165,24.925794
998,1,2.0,0,1,0,0,1,0,0,60.159206,24.921342
999,1,2.0,0,1,0,0,1,0,0,60.201208,24.895741
1000,1,2.0,0,1,0,0,1,0,0,60.242833,24.867500
1001,1,2.0,0,1,0,0,1,0,0,60.195721,25.063692
1002,1,2.0,0,1,0,0,1,0,0,60.191497,25.138052
1003,1,2.0,0,1,0,0,1,0,0,60.219133,24.859744
1004,1,2.0,0,1,0,0,1,0,0,60.263838,25.082982
1005,1,2.0,0,1,0,0,1,0,0,60.186621,24.951275
1006,1,2.0,0,1,0,0,1,0,0,60.224024,25.075763
1007,1,2.0,0,1,0,0,1,0,0,60.189279,24.955851
1008,1,2.0,0,1,0,0,1,0,0,60.257273,25.019712
1009,1,2.0,0,1,0,0,1,0,0,60.225235,24.961241
1010,1,2.0,0,1,0,0,1,0,0,60.201456,24.961389
1011,1,2.0,0,1,0,0,1,0,0,60.248658,24.951777
1012,1,2.0,0,1,0,0,1,0,0,60.162127,24.956077
1013,1,2.0,0,1,0,0,1,0,0,60.234209,24.930768
1014,1,2.0,0,1,0,0,1,0,0,60.200957,24.933403
1015,1,2.0,0,1,0,0,1,0,0,60.166210,25.054590
1016,1,2.0,0,1,0,0,1,0,0,60.209201,25.038098
1017,1,2.0,0,1,0,0,1,0,0,60.227295,25.002096
1018,1,2.0,0,1,0,0,1,0,0,60.245971,24.880532
1019,1,2.0,0,1,0,0,1,0,0,60.240973,24.882607
1020,1,2.0,0,1,0,0,1,0,0,60.175828,24.921896
1021,1,2.0,0,1,0,0,0,1,0,60.187550,24.904485
1022,1,2.0,0,1,0,0,0,1,0,60.178172,25.049444
1023,1,2.0,0,1,0,0,0,1,0,60.270012,25.056493
1024,1,2.0,0,1,0,0,0,1,0,60.237065,25.080869
1025,1,2.0,0,1,0,0,0,1,0,60.198268,24.875748
1026,1,2.0,0,1,0,0,0,1,0,60.231995,25.080006
1027,1,2.0,0,1,0,0,0,1,0,60.192233,24.889016
1028,1,2.0,0,1,0,0,0,1,0,60.259902,25.211617
1029,1,2.0,0,1,0,0,0,1,0,60.187066,25.036655
1030,1,2.0,0,1,0,0,0,1,0,60.165939,24.944005
1031,1,2.0,0,1,0,0,0,1,0,60.188453,24.981821
1032,1,2.0,0,1,0,0,0,1,0,60.212284,25.082007
1033,1,2.0,0,1,0,0,0,1,0,60.181119,24.915541
1034,1,2.0,0,1,0,1,0,0,0,60.249998,24.834302
1035,1,2.0,0,1,0,1,0,0,0,60.249920,24.979973
1036,1,2.0,0,1,0,1,0,0,0,60.240264,25.068893
1037,1,2.0,0,1,0,1,0,0,0,60.189621,24.920388
1038,1,2.0,0,1,0,1,0,0,0,60.246288,24.869255
1039,1,2.0,0,1,0,1,0,0,0,60.163807,24.854629
1040,1,2.0,0,1,0,1,0,0,0,60.218017,24.871836
1041,1,2.0,0,1,0,1,0,0,0,60.241348,25.015800
1042,1,2.0,0,1,0,1,0,0,0,60.195419,24.901150
1043,1,2.0,0,1,0,1,0,0,0,60.216650,24.882865
1044,1,2.0,0,1,0,1,0,0,0,60.259314,24.897503
1045,1,2.0,0,1,0,1,0,0,0,60.245879,24.889600
1046,1,2.0,0,1,0,1,0,0,0,60.199608,24.859735
1047,1,2.0,0,1,0,1,0,0,0,60.263693,24.952738
1048,1,2.0,0,1,0,1,0,0,0,60.249045,24.866352
1049,1,2.0,0,1,0,1,0,0,0,60.226073,24.973300
1050,1,2.0,0,1,0,1,0,0,0,60.203668,25.079118
1051,1,2.0,0,1,0,1,0,0,0,60.210323,24.944892
1052,1,2.0,0,1,0,1,0,0,0,60.164517,24.918861
1053,1,2.0,0,1,0,1,0,0,0,60.223790,24.950328
1054,1,2.0,0,1,0,1,0,0,0,60.192603,25.044447
1055,1,2.0,0,1,0,1,0,0,0,60.242338,24.863572
1056,1,2.0,0,1,0,1,0,0,0,60.219943,24.905930
1057,1,2.0,0,1,0,1,0,0,0,60.243806,24.892000
1058,1,2.0,0,1,0,1,0,0,0,60.266881,25.032794
1059,1,2.0,0,1,0,1,0,0,0,60.205691,24.863649
1060,1,2.0,0,1,0,1,0,0,0,60.208021,24.901947
1061,1,2.0,0,1,0,1,0,0,0,60.242123,25.151682
1062,1,2.0,0,1,0,1,0,0,0,60.164703,24.922607
1063,1,2.0,0,1,0,1,0,0,0,60.271470,25.226602
1064,1,2.0,0,1,0,1,0,0,0,60.234582,24.876953
1065,1,2.0,0,1,0,0,0,0,1,60.185124,24.908402
1066,1,2.0,0,1,0,0,0,0,1,60.234339,25.063578
1067,1,2.0,0,1,0,0,0,0,1,60.220248,25.134041
1068,1,2.0,0,1,0,0,0,0,1,60.222589,24.845066
1069,1,2.0,0,1,0,0,1,0,0,60.217140,24.981208
1070,1,2.0,0,1,0,0,1,0,0,60.223999,24.866245
1071,1,2.0,0,1,0,0,1,0,0,60.207658,24.858362
1072,1,2.0,0,1,0,0,1,0,0,60.206552,25.077074
1073,1,2.0,0,1,0,0,1,0,0,60.161664,25.047915
1074,1,2.0,0,1,0,0,1,0,0,60.242792,24.934330
1075,1,2.0,0,1,0,0,1,0,0,60.278806,24.983167
1076,1,2.0,0,1,0,0,1,0,0,60.186557,25.033950
1077,1,2.0,0,1,0,0,1,0,0,60.206383,24.971908
1078,1,2.0,0,1,0,0,1,0,0,60.223034,25.024798
1079,1,2.0,0,1,0,0,1,0,0,60.258942,24.891954
1080,1,2.0,0,1,0,0,1,0,0,60.237438,24.859955
1081,1,2.0,0,1,0,0,1,0,0,60.156247,24.870101
1082,1,2.0,0,1,0,0,1,0,0,60.182049,24.955580
1083,1,2.0,0,1,0,0,1,0,0,60.175856,25.043227
1084,1,2.0,0,1,0,0,1,0,0,60.230020,24.881506
1085,1,2.0,0,1,0,0,1,0,0,60.196394,24.901379
1086,1,2.0,0,1,0,0,0,1,0,60.240256,24.855662
1087,1,2.0,0,1,0,0,0,1,0,60.203552,25.032865
1088,1,2.0,0,1,0,0,0,1,0,60.154306,24.883386
1089,1,2.0,0,1,0,0,0,1,0,60.169151,24.961333
1090,1,2.0,0,1,0,0,0,1,0,60.225888,24.854326
1091,1,2.0,0,1,0,0,0,1,0,60.202126,25.059484
1092,1,2.0,0,1,0,0,0,1,0,60.185304,24.924199
1093,1,2.0,0,1,0,0,0,1,0,60.241622,24.975761
1094,1,2.0,0,1,0,0,0,1,0,60.246830,25.062562
1095,1,2.0,0,1,0,0,0,1,0,60.242374,24.876542
1096,1,2.0,0,1,0,0,0,1,0,60.252362,24.855750
1097,1,2.0,0,1,0,0,0,1,0,60.210167,24.888998
1098,1,2.0,0,1,0,1,0,0,0,60.258068,24.878808
1099,1,2.0,0,1,0,1,0,0,0,60.224439,24.908408
1100,1,2.0,0,1,0,1,0,0,0,60.196744,25.133117
1101,1,2.0,0,1,0,1,0,0,0,60.237429,25.091721
1102,1,2.0,0,1,0,1,0,0,0,60.270028,25.084063
1103,1,2.0,0,1,0,1,0,0,0,60.238513,25.042155
1104,1,2.0,0,1,0,1,0,0,0,60.258017,25.069792
1105,1,2.0,0,1,0,1,0,0,0,60.242754,24.995454
1106,1,2.0,0,1,0,1,0,0,0,60.256117,25.064034
1107,1,2.0,0,1,0,1,0,0,0,60.245140,24.866740
1108,1,2.0,0,1,0,1,0,0,0,60.161586,25.048054
1109,1,2.0,0,1,0,1,0,0,0,60.233266,24.857329
1110,1,2.0,0,1,0,1,0,0,0,60.238616,25.041974
1111,1,2.0,0,1,0,1,0,0,0,60.224135,25.115527
1112,1,2.0,0,1,0,1,0,0,0,60.264176,25.185279
1113,1,2.0,0,1,0,1,0,0,0,60.239691,25.104421
1114,1,2.0,0,1,0,1,0,0,0,60.264717,24.968260
1115,1,2.0,0,1,0,1,0,0,0,60.164089,24.853454
1116,1,2.0,0,1,0,1,0,0,0,60.163613,24.930154
1117,1,2.0,0,1,0,1,0,0,0,60.239413,24.868317
1118,1,2.0,0,1,0,1,0,0,0,60.241260,25.011395
1119,1,2.0,0,1,0,1,0,0,0,60.229847,24.868914
1120,1,2.0,0,1,0,1,0,0,0,60.257835,25.056851
1121,1,2.0,0,1,0,1,0,0,0,60.232912,25.027638
1122,1,2.0,0,1,0,1,0,0,0,60.255574,24.917831
1123,1,2.0,0,1,0,1,0,0,0,60.236887,25.116690
1124,1,2.0,0,1,0,1,0,0,0,60.201670,24.899506
1125,1,2.0,0,1,0,1,0,0,0,60.215031,24.887384
1126,1,2.0,0,1,0,0,0,0,1,60.234353,24.933931
1127,1,2.0,0,1,0,0,0,0,1,60.238562,25.099243
1128,1,2.0,0,1,0,0,0,0,1,60.256958,25.013245
1129,1,2.0,0,1,0,0,0,0,1,60.256798,24.912742
1130,1,2.0,0,1,0,0,0,0,1,60.222288,25.073100
1131,1,2.0,0,1,0,0,0,0,1,60.260240,25.209518
1132,1,2.0,0,1,0,0,0,0,1,60.269655,25.064697
1133,1,2.0,0,1,0,0,1,0,0,60.234601,25.033867
1134,1,2.0,0,1,0,0,1,0,0,60.269954,25.056823
1135,1,2.0,0,1,0,0,1,0,0,60.206583,24.880213
1136,1,2.0,0,1,0,0,1,0,0,60.202999,25.139748
1137,1,2.0,0,1,0,0,1,0,0,60.209647,25.058197
1138,1,2.0,0,1,0,0,1,0,0,60.223546,25.022539
1139,1,2.0,0,1,0,0,1,0,0,60.229981,24.996644
1140,1,2.0,0,1,0,0,1,0,0,60.236242,25.109038
1141,1,2.0,0,1,0,0,1,0,0,60.278132,24.993741
1142,1,2.0,0,1,0,0,1,0,0,60.228381,24.959739
1143,1,2.0,0,1,0,0,1,0,0,60.212239,24.950059
1144,1,2.0,0,1,0,0,1,0,0,60.201867,25.133658
1145,1,2.0,0,1,0,0,1,0,0,60.194868,25.026850
1146,1,2.0,0,1,0,0,1,0,0,60.210497,24.976746
1147,1,2.0,0,1,0,0,1,0,0,60.159600,24.935336
1148,1,2.0,0,1,0,0,1,0,0,60.223578,24.988649
1149,1,2.0,0,1,0,0,1,0,0,60.204907,24.955264
1150,1,2.0,0,1,0,0,1,0,0,60.271356,25.046869
1151,1,1.0,1,0,0,1,0,0,0,60.262498,25.040807
1152,1,1.0,1,0,0,1,0,0,0,60.242117,24.990522
1153,1,1.0,1,0,0,1,0,0,0,60.263456,25.012183
1154,1,1.0,1,0,0,1,0,0,0,60.234008,25.015241
1155,1,1.0,1,0,0,1,0,0,0,60.233114,25.111046
1156,1,1.0,1,0,0,1,0,0,0,60.224460,24.857334
1157,1,1.0,1,0,0,1,0,0,0,60.189464,25.144279
1158,1,1.0,1,0,0,1,0,0,0,60.182025,24.927813
1159,1,1.0,1,0,0,1,0,0,0,60.242604,25.029568
1160,1,1.0,1,0,0,1,0,0,0,60.237334,24.975677
1161,1,1.0,1,0,0,1,0,0,0,60.208002,25.102801
1162,1,1.0,1,0,0,1,0,0,0,60.250082,25.059948
1163,1,1.0,1,0,0,1,0,0,0,60.244568,24.962549
1164,1,1.0,1,0,0,1,0,0,0,60.218687,25.167362
1165,1,1.0,1,0,0,1,0,0,0,60.228190,24.895141
1166,1,1.0,1,0,0,1,0,0,0,60.168976,24.949366
1167,1,1.0,1,0,0,1,0,0,0,60.183703,24.964504
1168,1,1.0,1,0,0,1,0,0,0,60.184101,24.965259
1169,1,1.0,1,0,0,1,0,0,0,60.242136,25.085589
1170,1,1.0,1,0,0,1,0,0,0,60.172484,24.859815
1171,1,1.0,1,0,0,1,0,0,0,60.261509,25.146764
1172,1,1.0,1,0,0,1,0,0,0,60.255219,25.001791
1173,1,1.0,1,0,0,1,0,0,0,60.284792,25.015804
1174,1,1.0,1,0,0,1,0,0,0,60.163975,24.853792
1175,1,1.0,1,0,0,1,0,0,0,60.221019,24.963321
1176,1,1.0,1,0,0,1,0,0,0,60.230465,25.015703
1177,1,1.0,1,0,0,1,0,0,0,60.209642,25.135997
1178,1,1.0,1,0,0,1,0,0,0,60.162602,24.869820
1179,1,1.0,1,0,0,1,0,0,0,60.244479,24.942185
1180,1,1.0,1,0,0,1,0,0,0,60.246929,24.893271
1181,1,1.0,1,0,0,1,0,0,0,60.193131,24.934454
1182,1,1.0,1,0,0,1,0,0,0,60.166141,24.891901
1183,1,1.0,1,0,0,1,0,0,0,60.212695,24.903025
1184,1,1.0,1,0,0,1,0,0,0,60.186748,24.866786
1185,1,1.0,1,0,0,1,0,0,0,60.222710,25.134982
1186,1,1.0,1,0,0,1,0,0,0,60.239238,24.917490
1187,1,1.0,1,0,0,1,0,0,0,60.224721,25.086427
1188,1,1.0,1,0,0,1,0,0,0,60.198480,25.036690
1189,1,1.0,1,0,0,1,0,0,0,60.201498,25.040189
1190,1,1.0,1,0,0,1,0,0,0,60.246971,24.943035
1191,1,1.0,1,0,0,1,0,0,0,60.192648,25.025370
1192,1,1.0,1,0,0,1,0,0,0,60.253687,24.897149
1193,1,1.0,1,0,0,1,0,0,0,60.231353,25.133793
1194,1,1.0,1,0,0,1,0,0,0,60.185373,24.862097
1195,1,1.0,1,0,0,1,0,0,0,60.195790,24.873319
1196,1,1.0,1,0,0,1,0,0,0,60.162285,25.055999
1197,1,1.0,1,0,0,1,0,0,0,60.253459,25.080668
1198,1,1.0,1,0,0,1,0,0,0,60.178115,25.055891
1199,1,1.0,1,0,0,1,0,0,0,60.223989,25.174237
1200,1,1.0,1,0,0,1,0,0,0,60.223045,25.075423
1201,1,1.0,1,0,0,1,0,0,0,60.249378,25.059215
1202,1,1.0,1,0,0,1,0,0,0,60.205752,24.900478
1203,1,1.0,1,0,0,1,0,0,0,60.202745,25.041688
1204,1,1.0,1,0,0,1,0,0,0,60.255872,25.032144
1205,1,1.0,1,0,0,1,0,0,0,60.191914,25.021828
1206,1,1.0,1,0,0,1,0,0,0,60.267019,25.008774
1207,1,1.0,1,0,0,1,0,0,0,60.201957,25.047517
1208,1,1.0,1,0,0,1,0,0,0,60.222801,24.855285
1209,1,1.0,1,0,0,1,0,0,0,60.169297,25.018209
1210,1,1.0,1,0,0,1,0,0,0,60.161337,24.890650
1211,1,1.0,1,0,0,1,0,0,0,60.185214,24.936302
1212,1,1.0,1,0,0,1,0,0,0,60.263200,24.969549
1213,1,1.0,1,0,0,1,0,0,0,60.208549,24.943912
1214,1,1.0,1,0,0,1,0,0,0,60.244478,24.851989
1215,1,1.0,1,0,0,1,0,0,0,60.203976,24.920211
1216,1,1.0,1,0,0,1,0,0,0,60.231861,24.943604
1217,1,1.0,1,0,0,1,0,0,0,60.191796,24.946786
1218,1,1.0,1,0,0,1,0,0,0,60.273452,25.239039
1219,1,1.0,1,0,0,1,0,0,0,60.199006,25.033279
1220,1,1.0,1,0,0,1,0,0,0,60.262225,25.003761
1221,1,1.0,1,0,0,1,0,0,0,60.198639,24.969989
1222,1,1.0,1,0,0,1,0,0,0,60.173307,24.953245
1223,1,1.0,1,0,0,1,0,0,0,60.186936,24.910235
1224,1,1.0,1,0,0,1,0,0,0,60.239221,25.106467
1225,1,1.0,1,0,0,1,0,0,0,60.219639,25.082229
1226,1,1.0,1,0,0,1,0,0,0,60.155132,24.952132
1227,1,1.0,1,0,0,1,0,0,0,60.186303,24.984986
1228,1,1.0,1,0,0,1,0,0,0,60.203051,24.894000
1229,1,1.0,1,0,0,1,0,0,0,60.184078,24.956883
1230,1,1.0,1,0,0,1,0,0,0,60.219292,25.116854
1231,1,1.0,1,0,0,1,0,0,0,60.251887,24.991811
1232,1,1.0,1,0,0,1,0,0,0,60.182346,24.951616
1233,1,1.0,1,0,0,1,0,0,0,60.250226,25.214544
1234,1,1.0,1,0,0,1,0,0,0,60.163800,24.927799
1235,1,1.0,1,0,0,1,0,0,0,60.165172,24.847690
1236,1,1.0,1,0,0,1,0,0,0,60.223218,24.985361
1237,1,1.0,1,0,0,1,0,0,0,60.158546,24.937887
1238,1,1.0,1,0,0,1,0,0,0,60.258692,24.966711
1239,1,1.0,1,0,0,1,0,0,0,60.160326,24.958493
1240,1,1.0,1,0,0,1,0,0,0,60.163222,24.872979
1241,1,1.0,1,0,0,1,0,0,0,60.264266,25.086293
1242,1,1.0,1,0,0,1,0,0,0,60.198650,24.906454
1243,1,1.0,1,0,0,1,0,0,0,60.251697,25.007703
1244,1,1.0,1,0,0,1,0,0,0,60.185839,24.912470
1245,1,1.0,1,0,0,1,0,0,0,60.233771,25.117471
1246,1,1.0,1,0,0,1,0,0,0,60.254338,24.994340
1247,1,1.0,1,0,0,1,0,0,0,60.268616,25.032592
1248,1,1.0,1,0,0,1,0,0,0,60.249161,24.989068
1249,1,1.0,1,0,0,1,0,0,0,60.215669,24.966433
1250,1,1.0,1,0,0,1,0,0,0,60.156720,24.922185
1251,1,1.0,1,0,0,1,0,0,0,60.204602,24.905610
1252,1,1.0,1,0,0,1,0,0,0,60.200676,24.926905
1253,1,1.0,1,0,0,1,0,0,0,60.216524,24.970309
1254,1,1.0,1,0,0,1,0,0,0,60.233409,24.925761
1255,1,1.0,1,0,0,1,0,0,0,60.264593,25.188126
1256,1,1.0,1,0,0,1,0,0,0,60.255050,24.881590
1257,1,1.0,1,0,0,1,0,0,0,60.252178,25.070010
1258,1,1.0,1,0,0,1,0,0,0,60.274136,25.035164
1259,1,1.0,1,0,0,1,0,0,0,60.235274,24.946203
1260,1,1.0,1,0,0,1,0,0,0,60.215968,25.061039
1261,1,1.0,1,0,0,1,0,0,0,60.166439,24.894490
1262,1,1.0,1,0,0,0,0,0,1,60.253837,25.011548
1263,1,1.0,1,0,0,0,0,0,1,60.254334,25.061473
1264,1,1.0,1,0,0,0,0,0,1,60.160570,24.863841
1265,1,1.0,1,0,0,0,0,0,1,60.213901,24.899133
1266,1,1.0,1,0,0,0,1,0,0,60.219555,24.988339
1267,1,1.0,1,0,0,0,1,0,0,60.235259,24.853595
1268,1,1.0,1,0,0,0,1,0,0,60.221710,25.174694
1269,1,1.0,1,0,0,0,1,0,0,60.273265,24.954335
1270,1,1.0,1,0,0,0,1,0,0,60.270186,25.058190
1271,1,1.0,1,0,0,0,1,0,0,60.197196,24.956734
1272,1,1.0,1,0,0,0,1,0,0,60.199140,25.042763
1273,1,1.0,1,0,0,0,0,1,0,60.214150,24.873356
1274,1,1.0,1,0,0,0,0,1,0,60.266107,24.897746
1275,1,1.0,1,0,0,0,0,1,0,60.155187,24.951745
1276,1,1.0,1,0,0,0,0,1,0,60.160272,24.946540
1277,1,1.0,1,0,0,1,0,0,0,60.265102,25.200856
1278,1,1.0,1,0,0,1,0,0,0,60.269175,25.215685
1279,1,1.0,1,0,0,1,0,0,0,60.232164,25.050420
1280,1,1.0,1,0,0,1,0,0,0,60.260296,24.962186
1281,1,1.0,1,0,0,1,0,0,0,60.208881,25.159577
1282,1,1.0,1,0,0,1,0,0,0,60.208546,24.909423
1283,1,1.0,1,0,0,1,0,0,0,60.171306,24.924439
1284,1,1.0,1,0,0,1,0,0,0,60.226793,24.944472
1285,1,1.0,1,0,0,1,0,0,0,60.281986,25.034441
1286,1,1.0,1,0,0,1,0,0,0,60.250059,24.948235
1287,1,1.0,1,0,0,1,0,0,0,60.209868,24.869291
1288,1,1.0,1,0,0,1,0,0,0,60.204382,25.149365
1289,1,1.0,1,0,0,1,0,0,0,60.284335,25.018940
1290,1,1.0,1,0,0,1,0,0,0,60.229988,24.840513
1291,1,1.0,1,0,0,1,0,0,0,60.230024,24.841526
1292,1,1.0,1,0,0,1,0,0,0,60.239683,25.045030
1293,1,1.0,1,0,0,1,0,0,0,60.208149,24.902404
1294,1,1.0,1,0,0,1,0,0,0,60.245487,24.993049
1295,1,1.0,1,0,0,1,0,0,0,60.216450,25.044019
1296,1,1.0,1,0,0,1,0,0,0,60.183004,24.981838
1297,1,1.0,1,0,0,1,0,0,0,60.286559,25.007989
1298,1,1.0,1,0,0,1,0,0,0,60.252478,24.865704
1299,1,1.0,1,0,0,1,0,0,0,60.195440,24.935872
1300,1,1.0,1,0,0,1,0,0,0,60.231514,24.979023
1301,1,1.0,1,0,0,1,0,0,0,60.158039,24.962255
1302,1,1.0,1,0,0,1,0,0,0,60.254762,25.019569
1303,1,1.0,1,0,0,1,0,0,0,60.215094,25.089489
1304,1,1.0,1,0,0,1,0,0,0,60.235256,24.854934
1305,1,1.0,1,0,0,1,0,0,0,60.272798,24.993470
1306,1,1.0,1,0,0,1,0,0,0,60.228569,24.906217
1307,1,1.0,1,0,0,1,0,0,0,60.187176,24.943411
1308,1,1.0,1,0,0,1,0,0,0,60.257283,24.955800
1309,1,1.0,1,0,0,1,0,0,0,60.257654,24.879168
1310,1,1.0,1,0,0,1,0,0,0,60.153810,24.909787
1311,1,1.0,1,0,0,1,0,0,0,60.191085,24.943644
1312,1,1.0,1,0,0,1,0,0,0,60.231847,25.058066
1313,1,1.0,1,0,0,1,0,0,0,60.212190,25.182003
1314,1,1.0,1,0,0,1,0,0,0,60.231814,25.134065
1315,1,1.0,1,0,0,1,0,0,0,60.182839,24.979715
1316,1,1.0,1,0,0,1,0,0,0,60.281146,25.017357
1317,1,1.0,1,0,0,1,0,0,0,60.198650,24.940316
1318,1,1.0,1,0,0,1,0,0,0,60.229733,24.940410
1319,1,1.0,1,0,0,1,0,0,0,60.211007,25.073916
1320,1,1.0,1,0,0,1,0,0,0,60.238161,24.887798
1321,1,1.0,1,0,0,1,0,0,0,60.161807,24.881238
1322,1,1.0,1,0,0,1,0,0,0,60.232892,24.968373
1323,1,1.0,1,0,0,1,0,0,0,60.244191,25.039881
1324,1,1.0,1,0,0,1,0,0,0,60.259114,24.953422
1325,1,1.0,1,0,0,1,0,0,0,60.260079,25.002079
1326,1,1.0,1,0,0,1,0,0,0,60.196843,25.112791
1327,1,1.0,1,0,0,1,0,0,0,60.235740,24.849872
1328,1,1.0,1,0,0,1,0,0,0,60.270712,25.033631
1329,1,1.0,1,0,0,1,0,0,0,60.218388,24.962208
1330,1,1.0,1,0,0,1,0,0,0,60.219011,25.158129
1331,1,1.0,1,0,0,1,0,0,0,60.160523,24.883201
1332,1,1.0,1,0,0,1,0,0,0,60.185905,24.980272
1333,1,1.0,1,0,0,1,0,0,0,60.190680,25.019306
1334,1,1.0,1,0,0,1,0,0,0,60.245980,25.001253
1335,1,1.0,1,0,0,1,0,0,0,60.155139,24.879762
1336,1,1.0,1,0,0,1,0,0,0,60.250829,24.834508
1337,1,1.0,1,0,0,1,0,0,0,60.215595,24.897821
1338,1,1.0,1,0,0,1,0,0,0,60.198770,24.970423
1339,1,1.0,1,0,0,1,0,0,0,60.188481,24.875523
1340,1,1.0,1,0,0,1,0,0,0,60.230004,24.962196
1341,1,1.0,1,0,0,1,0,0,0,60.152596,24.885248
1342,1,1.0,1,0,0,1,0,0,0,60.158587,24.910256
1343,1,1.0,1,0,0,1,0,0,0,60.265866,25.002900
1344,1,1.0,1,0,0,1,0,0,0,60.237937,25.087799
1345,1,1.0,1,0,0,1,0,0,0,60.242602,24.942826
1346,1,1.0,1,0,0,1,0,0,0,60.169206,24.947273
1347,1,1.0,1,0,0,1,0,0,0,60.229474,24.848070
1348,1,1.0,1,0,0,1,0,0,0,60.203171,24.877747
1349,1,1.0,1,0,0,1,0,0,0,60.236596,24.900255
1350,1,1.0,1,0,0,1,0,0,0,60.179072,24.960597
1351,1,1.0,1,0,0,1,0,0,0,60.200587,24.930774
1352,1,1.0,1,0,0,1,0,0,0,60.155479,24.959113
1353,1,1.0,1,0,0,1,0,0,0,60.237421,24.880451
1354,1,1.0,1,0,0,1,0,0,0,60.197491,25.040175
1355,1,1.0,1,0,0,1,0,0,0,60.192389,24.971583
1356,1,1.0,1,0,0,1,0,0,0,60.203879,25.158890
1357,1,1.0,1,0,0,1,0,0,0,60.208069,24.884638
1358,1,1.0,1,0,0,1,0,0,0,60.209419,24.882999
1359,1,1.0,1,0,0,1,0,0,0,60.229943,25.054846
1360,1,1.0,1,0,0,1,0,0,0,60.277768,25.006292
1361,1,1.0,1,0,0,1,0,0,0,60.226601,24.893429
1362,1,1.0,1,0,0,1,0,0,0,60.202396,24.929631
1363,1,1.0,1,0,0,1,0,0,0,60.163404,24.947555
1364,1,1.0,1,0,0,1,0,0,0,60.207202,24.934604
1365,1,1.0,1,0,0,1,0,0,0,60.242872,25.057268
1366,1,1.0,1,0,0,1,0,0,0,60.246034,24.900965
1367,1,1.0,1,0,0,1,0,0,0,60.154845,24.876149
1368,1,1.0,1,0,0,1,0,0,0,60.267578,25.212016
1369,1,1.0,1,0,0,1,0,0,0,60.254087,25.079990
1370,1,1.0,1,0,0,1,0,0,0,60.210364,25.048963
1371,1,1.0,1,0,0,1,0,0,0,60.206603,24.964321
1372,1,1.0,1,0,0,1,0,0,0,60.239097,24.938397
1373,1,1.0,1,0,0,1,0,0,0,60.235157,24.856679
1374,1,1.0,1,0,0,0,1,0,0,60.163850,24.925684
1375,1,1.0,1,0,0,0,1,0,0,60.259116,25.028877
1376,1,1.0,1,0,0,0,1,0,0,60.156622,24.932280
1377,1,1.0,1,0,0,0,1,0,0,60.256098,24.947932
1378,1,1.0,1,0,0,0,1,0,0,60.172845,24.937299
1379,1,1.0,1,0,0,0,1,0,0,60.258251,25.020494
1380,1,1.0,1,0,0,0,1,0,0,60.239859,24.944842
1381,1,1.0,1,0,0,0,1,0,0,60.244710,24.939874
1382,1,1.0,1,0,0,0,1,0,0,60.162594,25.050471
1383,1,1.0,1,0,0,0,0,1,0,60.255993,24.947955
1384,1,1.0,1,0,0,0,0,1,0,60.188949,25.004819
1385,1,1.0,1,0,0,0,0,1,0,60.196654,25.053978
1386,1,1.0,1,0,0,1,0,0,0,60.228908,24.943486
1387,1,1.0,1,0,0,1,0,0,0,60.241802,25.025340
1388,1,1.0,1,0,0,1,0,0,0,60.186141,24.987241
1389,1,1.0,1,0,0,1,0,0,0,60.225111,24.869167
1390,1,1.0,1,0,0,1,0,0,0,60.272341,25.233309
1391,1,1.0,1,0,0,1,0,0,0,60.163411,24.948072
1392,1,1.0,1,0,0,1,0,0,0,60.184393,24.857146
1393,1,1.0,1,0,0,1,0,0,0,60.166314,24.909658
1394,1,1.0,1,0,0,1,0,0,0,60.192355,25.027863
1395,1,1.0,1,0,0,1,0,0,0,60.268595,25.006328
1396,1,1.0,1,0,0,1,0,0,0,60.239723,25.074520
1397,1,1.0,1,0,0,1,0,0,0,60.277511,24.991548
1398,1,1.0,1,0,0,1,0,0,0,60.230607,24.933097
1399,1,1.0,1,0,0,1,0,0,0,60.176030,24.958923
1400,1,1.0,1,0,0,1,0,0,0,60.164915,24.939735
1401,1,1.0,1,0,0,1,0,0,0,60.233899,24.944368
1402,1,1.0,1,0,0,1,0,0,0,60.219356,24.938121
1403,1,1.0,1,0,0,1,0,0,0,60.224548,25.073028
1404,1,1.0,1,0,0,1,0,0,0,60.175439,25.049314
1405,1,1.0,1,0,0,1,0,0,0,60.265906,25.209736
1406,1,1.0,1,0,0,1,0,0,0,60.164845,24.924485
1407,1,1.0,1,0,0,1,0,0,0,60.241683,24.998174
1408,1,1.0,1,0,0,1,0,0,0,60.243904,25.054330
1409,1,1.0,1,0,0,1,0,0,0,60.185956,25.004110
1410,1,1.0,1,0,0,1,0,0,0,60.220510,25.082026
1411,1,1.0,1,0,0,1,0,0,0,60.210376,25.162959
1412,1,1.0,1,0,0,1,0,0,0,60.187615,24.971821
1413,1,1.0,1,0,0,1,0,0,0,60.243796,24.953070
1414,1,1.0,1,0,0,1,0,0,0,60.212621,25.097108
1415,1,1.0,1,0,0,1,0,0,0,60.265944,25.207200
1416,1,1.0,1,0,0,1,0,0,0,60.261455,24.990742
1417,1,1.0,1,0,0,1,0,0,0,60.192625,24.957004
1418,1,1.0,1,0,0,1,0,0,0,60.249110,24.886822
1419,1,1.0,1,0,0,1,0,0,0,60.158366,24.947917
1420,1,1.0,1,0,0,1,0,0,0,60.257943,24.944602
1421,1,1.0,1,0,0,1,0,0,0,60.238392,25.100573
1422,1,1.0,1,0,0,1,0,0,0,60.212140,25.067309
1423,1,1.0,1,0,0,1,0,0,0,60.238427,24.947549
1424,1,1.0,1,0,0,1,0,0,0,60.264386,25.070592
1425,1,1.0,1,0,0,1,0,0,0,60.199747,25.124794
1426,1,1.0,1,0,0,1,0,0,0,60.262937,25.071953
1427,1,1.0,1,0,0,1,0,0,0,60.224257,24.906136
1428,1,1.0,1,0,0,1,0,0,0,60.209979,25.082195
1429,1,1.0,1,0,0,1,0,0,0,60.238628,24.849223
1430,1,1.0,1,0,0,1,0,0,0,60.227519,25.135503
1431,1,1.0,1,0,0,1,0,0,0,60.168079,25.043967
1432,1,1.0,1,0,0,1,0,0,0,60.252723,24.868796
1433,1,1.0,1,0,0,1,0,0,0,60.224568,25.067428
1434,1,1.0,1,0,0,1,0,0,0,60.200678,25.059525
1435,1,1.0,1,0,0,1,0,0,0,60.272158,25.084821
1436,1,1.0,1,0,0,1,0,0,0,60.215213,25.058574
1437,1,1.0,1,0,0,1,0,0,0,60.269495,25.022728
1438,1,1.0,1,0,0,1,0,0,0,60.195240,24.881742
1439,1,1.0,1,0,0,1,0,0,0,60.210091,24.870221
1440,1,1.0,1,0,0,1,0,0,0,60.249398,24.880515
1441,1,1.0,1,0,0,1,0,0,0,60.230321,24.904504
1442,1,1.0,1,0,0,1,0,0,0,60.190058,25.040244
1443,1,1.0,1,0,0,1,0,0,0,60.182335,24.921867
1444,1,1.0,1,0,0,1,0,0,0,60.167081,24.960394
1445,1,1.0,1,0,0,1,0,0,0,60.274791,25.245555
1446,1,1.0,1,0,0,1,0,0,0,60.212377,25.038379
1447,1,1.0,1,0,0,1,0,0,0,60.254718,24.901626
1448,1,1.0,1,0,0,1,0,0,0,60.216939,24.978801
1449,1,1.0,1,0,0,1,0,0,0,60.161876,24.867090
1450,1,1.0,1,0,0,1,0,0,0,60.222659,25.112761
1451,1,1.0,1,0,0,1,0,0,0,60.236682,24.882782
1452,1,1.0,1,0,0,1,0,0,0,60.237137,25.075350
1453,1,1.0,1,0,0,1,0,0,0,60.235662,25.035628
1454,1,1.0,1,0,0,1,0,0,0,60.233759,25.076031
1455,1,1.0,1,0,0,1,0,0,0,60.211173,25.103252
1456,1,1.0,1,0,0,1,0,0,0,60.222120,25.030921
1457,1,1.0,1,0,0,1,0,0,0,60.265872,25.035516
1458,1,1.0,1,0,0,1,0,0,0,60.211249,24.952676
1459,1,1.0,1,0,0,1,0,0,0,60.172149,24.947732
1460,1,1.0,1,0,0,1,0,0,0,60.160053,24.908636
1461,1,1.0,1,0,0,1,0,0,0,60.237186,24.976015
1462,1,1.0,1,0,0,1,0,0,0,60.273271,25.034583
1463,1,1.0,1,0,0,1,0,0,0,60.241901,25.140507
1464,1,1.0,1,0,0,1,0,0,0,60.160357,24.935291
1465,1,1.0,1,0,0,1,0,0,0,60.163750,24.905785
1466,1,1.0,1,0,0,1,0,0,0,60.199933,25.141554
1467,1,1.0,1,0,0,1,0,0,0,60.232748,24.887178
1468,1,1.0,1,0,0,1,0,0,0,60.198310,24.879724
1469,1,1.0,1,0,0,1,0,0,0,60.221726,25.071687
1470,1,1.0,1,0,0,1,0,0,0,60.200479,25.030906
1471,1,1.0,1,0,0,1,0,0,0,60.274996,25.077591
1472,1,1.0,1,0,0,1,0,0,0,60.252748,25.076299
1473,1,1.0,1,0,0,1,0,0,0,60.242113,24.926314
1474,1,1.0,1,0,0,1,0,0,0,60.252798,24.883300
1475,1,1.0,1,0,0,1,0,0,0,60.204979,24.883973
1476,1,1.0,1,0,0,1,0,0,0,60.194913,24.966730
1477,1,1.0,1,0,0,1,0,0,0,60.178835,24.924859
1478,1,1.0,1,0,0,1,0,0,0,60.184792,24.954749
1479,1,1.0,1,0,0,1,0,0,0,60.225229,24.929860
1480,1,1.0,1,0,0,1,0,0,0,60.202104,24.963934
1481,1,1.0,1,0,0,1,0,0,0,60.213321,24.860493
1482,1,1.0,1,0,0,1,0,0,0,60.191305,24.945202
1483,1,1.0,1,0,0,1,0,0,0,60.203742,25.136516
1484,1,1.0,1,0,0,1,0,0,0,60.165939,24.890905
1485,1,1.0,1,0,0,1,0,0,0,60.222224,25.058460
1486,1,1.0,1,0,0,1,0,0,0,60.218032,24.945530
1487,1,1.0,1,0,0,1,0,0,0,60.187885,25.003977
1488,1,1.0,1,0,0,1,0,0,0,60.257240,25.051958
1489,1,1.0,1,0,0,1,0,0,0,60.155214,24.880294
1490,1,1.0,1,0,0,1,0,0,0,60.171651,25.049409
1491,1,1.0,1,0,0,1,0,0,0,60.250482,24.885797
1492,1,1.0,1,0,0,1,0,0,0,60.155022,24.885080
1493,1,1.0,1,0,0,1,0,0,0,60.261024,24.946880
1494,1,1.0,1,0,0,1,0,0,0,60.248814,24.836472
1495,1,1.0,1,0,0,1,0,0,0,60.192886,25.136459
1496,1,1.0,1,0,0,1,0,0,0,60.225778,24.997203
1497,1,1.0,1,0,0,1,0,0,0,60.194954,24.899501
1498,1,1.0,1,0,0,0,0,0,1,60.212498,24.894948
1499,1,1.0,1,0,0,0,0,0,1,60.210426,25.036662
1500,1,1.0,1,0,0,0,0,0,1,60.166207,24.892833
1501,1,1.0,1,0,0,0,0,0,1,60.279885,25.002844
1502,1,1.0,1,0,0,0,1,0,0,60.209677,25.136165
1503,1,1.0,1,0,0,0,1,0,0,60.161158,24.889454
1504,1,1.0,1,0,0,0,1,0,0,60.232316,24.978052
1505,1,1.0,1,0,0,0,1,0,0,60.183519,25.012919
1506,1,1.0,1,0,0,0,1,0,0,60.208427,24.886888
1507,1,1.0,1,0,0,0,1,0,0,60.224944,25.085210
1508,1,1.0,1,0,0,0,0,1,0,60.207503,25.144141
1509,1,1.0,1,0,0,1,0,0,0,60.226762,24.955679
1510,1,1.0,1,0,0,1,0,0,0,60.206372,24.876763
1511,1,1.0,1,0,0,1,0,0,0,60.205799,25.116231
1512,1,1.0,1,0,0,1,0,0,0,60.259039,25.064493
1513,1,1.0,1,0,0,1,0,0,0,60.255380,24.987420
1514,1,1.0,1,0,0,1,0,0,0,60.202495,24.922474
1515,1,1.0,1,0,0,1,0,0,0,60.241962,24.991525
1516,1,1.0,1,0,0,1,0,0,0,60.230988,24.951823
1517,1,1.0,1,0,0,1,0,0,0,60.264634,25.187622
1518,1,1.0,1,0,0,1,0,0,0,60.228315,25.073685
1519,1,1.0,1,0,0,1,0,0,0,60.197297,24.945924
1520,1,1.0,1,0,0,1,0,0,0,60.220630,25.153949
1521,1,1.0,1,0,0,1,0,0,0,60.235945,24.971806
1522,1,1.0,1,0,0,1,0,0,0,60.248640,25.062382
1523,1,1.0,1,0,0,1,0,0,0,60.244097,24.968236
1524,1,1.0,1,0,0,1,0,0,0,60.237315,25.096885
1525,1,1.0,1,0,0,1,0,0,0,60.247818,24.858253
1526,1,1.0,1,0,0,1,0,0,0,60.218370,25.103739
1527,1,1.0,1,0,0,1,0,0,0,60.248394,25.061809
1528,1,1.0,1,0,0,1,0,0,0,60.235925,24.929187
1529,1,1.0,1,0,0,1,0,0,0,60.220858,24.948014
1530,1,1.0,1,0,0,1,0,0,0,60.261085,25.144443
1531,1,1.0,1,0,0,1,0,0,0,60.163296,25.047019
1532,1,1.0,1,0,0,1,0,0,0,60.193832,25.029550
1533,1,1.0,1,0,0,1,0,0,0,60.156368,24.951362
1534,1,1.0,1,0,0,1,0,0,0,60.161269,24.859896
1535,1,1.0,1,0,0,1,0,0,0,60.173397,24.920908
1536,1,1.0,1,0,0,1,0,0,0,60.242964,24.916389
1537,1,1.0,1,0,0,1,0,0,0,60.183090,24.977904
1538,1,1.0,1,0,0,1,0,0,0,60.169142,24.954203
1539,1,1.0,1,0,0,1,0,0,0,60.202559,24.866778
1540,1,1.0,1,0,0,1,0,0,0,60.164066,24.937407
1541,1,1.0,1,0,0,1,0,0,0,60.212047,25.181601
1542,1,1.0,1,0,0,1,0,0,0,60.204419,25.126808
1543,1,1.0,1,0,0,1,0,0,0,60.210039,24.965961
1544,1,1.0,1,0,0,1,0,0,0,60.167990,25.050794
1545,1,1.0,1,0,0,1,0,0,0,60.218046,25.163431
1546,1,1.0,1,0,0,1,0,0,0,60.223890,24.847165
1547,1,1.0,1,0,0,1,0,0,0,60.159234,24.953517
1548,1,1.0,1,0,0,1,0,0,0,60.258157,25.062025
1549,1,1.0,1,0,0,1,0,0,0,60.180332,24.992501
1550,1,1.0,1,0,0,1,0,0,0,60.214297,24.955912
1551,1,1.0,1,0,0,1,0,0,0,60.177907,25.050727
1552,1,1.0,1,0,0,1,0,0,0,60.195776,25.047101
1553,1,1.0,1,0,0,1,0,0,0,60.201938,24.874028
1554,1,1.0,1,0,0,1,0,0,0,60.241951,24.955994
1555,1,1.0,1,0,0,1,0,0,0,60.199283,24.931354
1556,1,1.0,1,0,0,1,0,0,0,60.248479,24.947829
1557,1,1.0,1,0,0,1,0,0,0,60.262201,25.011037
1558,1,1.0,1,0,0,1,0,0,0,60.234937,25.079634
1559,1,1.0,1,0,0,1,0,0,0,60.261403,25.017839
1560,1,1.0,1,0,0,1,0,0,0,60.255851,25.036538
1561,1,1.0,1,0,0,1,0,0,0,60.212341,24.970324
1562,1,1.0,1,0,0,1,0,0,0,60.174541,25.038181
1563,1,1.0,1,0,0,1,0,0,0,60.185256,24.907895
1564,1,1.0,1,0,0,1,0,0,0,60.164586,24.851036
1565,1,1.0,1,0,0,1,0,0,0,60.176845,24.949757
1566,1,1.0,1,0,0,1,0,0,0,60.171773,24.926581
1567,1,1.0,1,0,0,1,0,0,0,60.254731,25.190521
1568,1,1.0,1,0,0,1,0,0,0,60.223166,25.176444
1569,1,1.0,1,0,0,1,0,0,0,60.184246,24.952873
1570,1,1.0,1,0,0,1,0,0,0,60.207045,24.920856
1571,1,1.0,1,0,0,1,0,0,0,60.271507,25.074295
1572,1,1.0,1,0,0,1,0,0,0,60.262450,25.155300
1573,1,1.0,1,0,0,1,0,0,0,60.236339,25.035368
1574,1,1.0,1,0,0,1,0,0,0,60.257605,25.055098
1575,1,1.0,1,0,0,1,0,0,0,60.184073,24.923641
1576,1,1.0,1,0,0,1,0,0,0,60.198364,25.047300
1577,1,1.0,1,0,0,1,0,0,0,60.239720,24.872789
1578,1,1.0,1,0,0,1,0,0,0,60.172312,24.923381
1579,1,1.0,1,0,0,1,0,0,0,60.245469,24.847498
1580,1,1.0,1,0,0,1,0,0,0,60.211822,24.954792
1581,1,1.0,1,0,0,1,0,0,0,60.251830,25.017272
1582,1,1.0,1,0,0,1,0,0,0,60.284647,25.016821
1583,1,1.0,1,0,0,1,0,0,0,60.207162,25.111226
1584,1,1.0,1,0,0,1,0,0,0,60.187184,24.898093
1585,1,1.0,1,0,0,1,0,0,0,60.208859,25.100141
1586,1,1.0,1,0,0,1,0,0,0,60.202513,24.863003
1587,1,1.0,1,0,0,1,0,0,0,60.256580,25.026067
1588,1,1.0,1,0,0,1,0,0,0,60.218804,25.043718
1589,1,1.0,1,0,0,1,0,0,0,60.236544,25.046183
1590,1,1.0,1,0,0,1,0,0,0,60.194289,24.949689
1591,1,1.0,1,0,0,1,0,0,0,60.284487,25.012786
1592,1,1.0,1,0,0,1,0,0,0,60.164082,24.854282
1593,1,1.0,1,0,0,1,0,0,0,60.221956,24.984703
1594,1,1.0,1,0,0,0,0,0,1,60.227149,25.030687
1595,1,1.0,1,0,0,0,1,0,0,60.233002,24.967224
1596,1,1.0,1,0,0,0,1,0,0,60.170930,24.955675
1597,1,1.0,1,0,0,0,0,1,0,60.163329,24.912263
1598,1,1.0,1,0,0,1,0,0,0,60.159671,24.917787
1599,1,1.0,1,0,0,1,0,0,0,60.252061,25.177883
1600,1,1.0,1,0,0,1,0,0,0,60.225862,24.895457
1601,1,1.0,1,0,0,1,0,0,0,60.225649,25.117934
1602,1,1.0,1,0,0,1,0,0,0,60.163722,25.080050
1603,1,1.0,1,0,0,1,0,0,0,60.224164,25.140181
1604,1,1.0,1,0,0,1,0,0,0,60.249047,25.032432
1605,1,1.0,1,0,0,1,0,0,0,60.162036,24.906752
1606,1,1.0,1,0,0,1,0,0,0,60.227040,25.000056
1607,1,1.0,1,0,0,1,0,0,0,60.165519,24.845590
1608,1,1.0,1,0,0,1,0,0,0,60.216874,24.877567
1609,1,1.0,1,0,0,1,0,0,0,60.241474,24.856285
1610,1,1.0,1,0,0,1,0,0,0,60.254133,24.954248
1611,1,1.0,1,0,0,1,0,0,0,60.247547,25.055600
1612,1,1.0,1,0,0,1,0,0,0,60.256478,25.038518
1613,1,1.0,1,0,0,1,0,0,0,60.177733,24.927993
1614,1,1.0,1,0,0,1,0,0,0,60.197531,24.931729
1615,1,1.0,1,0,0,1,0,0,0,60.207981,24.897188
1616,1,1.0,1,0,0,1,0,0,0,60.256240,24.953111
1617,1,1.0,1,0,0,1,0,0,0,60.236192,24.849542
1618,1,1.0,1,0,0,1,0,0,0,60.207837,25.061622
1619,1,1.0,1,0,0,1,0,0,0,60.241389,25.004006
1620,1,1.0,1,0,0,1,0,0,0,60.214778,24.877784
1621,1,1.0,1,0,0,1,0,0,0,60.218392,24.866857
1622,1,1.0,1,0,0,1,0,0,0,60.156431,24.910915
1623,1,1.0,1,0,0,1,0,0,0,60.231277,25.004099
1624,1,1.0,1,0,0,1,0,0,0,60.245003,25.146548
1625,1,1.0,1,0,0,1,0,0,0,60.229928,24.916921
1626,1,1.0,1,0,0,1,0,0,0,60.230383,25.077979
1627,1,1.0,1,0,0,1,0,0,0,60.206700,25.078278
1628,1,1.0,1,0,0,1,0,0,0,60.204298,24.866904
1629,1,1.0,1,0,0,1,0,0,0,60.198143,24.937712
1630,1,1.0,1,0,0,1,0,0,0,60.190744,24.962337
1631,1,1.0,1,0,0,1,0,0,0,60.270038,25.061439
1632,1,1.0,1,0,0,1,0,0,0,60.220094,24.862503
1633,1,1.0,1,0,0,1,0,0,0,60.231275,25.082918
1634,1,1.0,1,0,0,1,0,0,0,60.233760,24.890845
1635,1,1.0,1,0,0,1,0,0,0,60.242957,25.043758
1636,1,1.0,1,0,0,1,0,0,0,60.203723,25.148439
1637,1,1.0,1,0,0,1,0,0,0,60.189222,24.978507
1638,1,1.0,1,0,0,1,0,0,0,60.244604,25.089656
1639,1,1.0,1,0,0,1,0,0,0,60.243025,25.016039
1640,1,1.0,1,0,0,1,0,0,0,60.174408,24.931014
1641,1,1.0,1,0,0,1,0,0,0,60.228306,24.968872
1642,1,1.0,1,0,0,1,0,0,0,60.193722,25.047142
1643,1,1.0,1,0,0,1,0,0,0,60.256136,24.997230
1644,1,1.0,1,0,0,1,0,0,0,60.242230,25.086616
1645,1,1.0,1,0,0,1,0,0,0,60.255938,25.069845
1646,1,1.0,1,0,0,1,0,0,0,60.260750,25.019448
1647,1,1.0,1,0,0,1,0,0,0,60.207296,25.073762
1648,1,1.0,1,0,0,1,0,0,0,60.257119,25.198410
1649,1,1.0,1,0,0,1,0,0,0,60.210835,25.086740
1650,1,1.0,1,0,0,1,0,0,0,60.237103,25.052993
1651,1,1.0,1,0,0,1,0,0,0,60.217816,25.100458
1652,1,1.0,1,0,0,1,0,0,0,60.223170,24.948843
1653,1,1.0,1,0,0,1,0,0,0,60.212600,25.088108
1654,1,1.0,1,0,0,1,0,0,0,60.165967,25.014733
1655,1,1.0,1,0,0,1,0,0,0,60.194857,24.870800
1656,1,1.0,1,0,0,1,0,0,0,60.159496,24.908553
1657,1,1.0,1,0,0,1,0,0,0,60.214591,24.947093
1658,1,1.0,1,0,0,1,0,0,0,60.193881,25.033234
1659,1,1.0,1,0,0,1,0,0,0,60.191140,24.909744
1660,1,1.0,1,0,0,1,0,0,0,60.190922,24.955965
1661,1,1.0,1,0,0,1,0,0,0,60.204881,25.147680
1662,1,1.0,1,0,0,1,0,0,0,60.158389,24.954062
1663,1,1.0,1,0,0,1,0,0,0,60.169854,24.925835
1664,1,1.0,1,0,0,1,0,0,0,60.199242,25.073983
1665,1,1.0,1,0,0,1,0,0,0,60.175452,25.047105
1666,1,1.0,1,0,0,1,0,0,0,60.234849,25.100270
1667,1,1.0,1,0,0,1,0,0,0,60.227810,24.943612
1668,1,1.0,1,0,0,1,0,0,0,60.240102,25.044837
1669,1,1.0,1,0,0,1,0,0,0,60.239553,25.157380
1670,1,1.0,1,0,0,1,0,0,0,60.189495,24.911707
1671,1,1.0,1,0,0,1,0,0,0,60.236405,25.009906
1672,1,1.0,1,0,0,1,0,0,0,60.261598,25.052264
1673,1,1.0,1,0,0,1,0,0,0,60.228169,24.844344
1674,1,1.0,1,0,0,1,0,0,0,60.197920,24.881619
1675,1,1.0,1,0,0,1,0,0,0,60.258424,25.061400
1676,1,1.0,1,0,0,1,0,0,0,60.201846,24.902443
1677,1,1.0,1,0,0,1,0,0,0,60.263729,25.053082
1678,1,1.0,1,0,0,1,0,0,0,60.214716,25.042537
1679,1,1.0,1,0,0,1,0,0,0,60.286584,25.008132
1680,1,1.0,1,0,0,1,0,0,0,60.172849,24.960844
1681,1,1.0,1,0,0,1,0,0,0,60.205675,25.095848
1682,1,1.0,1,0,0,1,0,0,0,60.255780,24.928696
1683,1,1.0,1,0,0,1,0,0,0,60.270835,24.991121
1684,1,1.0,1,0,0,1,0,0,0,60.221017,24.861440
1685,1,1.0,1,0,0,1,0,0,0,60.250639,24.866089
1686,1,1.0,1,0,0,1,0,0,0,60.161772,24.929794
1687,1,1.0,1,0,0,1,0,0,0,60.246965,24.840155
1688,1,1.0,1,0,0,1,0,0,0,60.232230,25.062749
1689,1,1.0,1,0,0,1,0,0,0,60.240457,24.948082
1690,1,1.0,1,0,0,0,0,0,1,60.203769,25.047066
1691,1,1.0,1,0,0,0,1,0,0,60.217391,24.890920
1692,1,1.0,1,0,0,0,1,0,0,60.220469,25.050232
1693,1,1.0,1,0,0,0,1,0,0,60.219621,24.861008
1694,1,1.0,1,0,0,0,1,0,0,60.218205,24.907439
